,w,tc,stc,2010_7,2010,2013_7,2013,2016_7,2016,2010,2011,2012,2013,2014,2015,2006,2007,2008
0,landslid,1330,58,58,96,70,150,58,153,22,8,4,2,2,1,72,70,59
1,inform_effect,1,0,0,0,0,0,0,0,0,0,0,0,0,0,0,0,0
2,mxl_model_in_wtp_space,1,0,0,0,0,0,0,0,0,0,0,0,0,0,0,0,0
3,geograph_represent,1,0,0,0,0,0,0,0,0,0,0,0,0,0,0,0,0
4,discret_choic_experi,1,0,0,0,0,0,0,0,0,0,0,0,0,0,0,0,0
5,flood_vulner,0,0,0,0,0,0,0,0,0,0,0,0,0,0,0,0,0
6,spatial_homogen,0,0,0,0,0,0,0,0,0,0,0,0,0,0,0,0,0
7,spatial_heterogen,0,0,0,0,0,0,0,0,0,0,0,0,0,0,0,0,0
8,geomorpholog_map,3,0,0,0,0,0,0,0,0,0,0,0,0,0,0,0,0
9,geolog_hazard_assess,0,0,0,0,0,0,0,0,0,0,0,0,0,0,0,0,0
10,geograph_inform_system,974,14,15,69,22,81,14,83,8,2,2,0,0,0,22,22,20
11,geomorpholog_of_mar,0,0,0,0,0,0,0,0,0,0,0,0,0,0,0,0,0
12,drought,89,1,0,0,1,1,1,1,1,1,0,0,0,0,1,1,1
13,resili,284,6,8,3,6,8,6,9,1,1,1,0,0,0,6,6,6
14,multicriteria_decis_make_mcdm,0,0,0,0,0,0,0,0,0,0,0,0,0,0,0,0,0
15,region_assess,0,0,0,0,0,0,0,0,0,0,0,0,0,0,0,0,0
16,spatial_variabl,24,0,0,0,0,0,0,0,0,0,0,0,0,0,0,0,0
17,vulner_map,0,0,0,0,0,0,0,0,0,0,0,0,0,0,0,0,0
18,geograph_inform_system_gis,830,10,1,44,5,49,10,53,9,9,5,5,3,1,10,10,10
19,social_vulner,164,1,8,8,8,8,1,9,1,1,1,1,0,0,9,9,1
20,flood_prepared,25,0,0,0,0,0,0,0,0,0,0,0,0,0,0,0,0
21,flood,477,3,10,10,7,12,3,13,3,1,1,1,1,0,8,7,4
22,case_studi,0,0,0,0,0,0,0,0,0,0,0,0,0,0,0,0,0
23,poland,0,0,0,0,0,0,0,0,0,0,0,0,0,0,0,0,0
24,risk_percept,6,0,0,0,0,0,0,0,0,0,0,0,0,0,0,0,0
25,risk_communic,0,0,0,0,0,0,0,0,0,0,0,0,0,0,0,0,0
26,environment_hazard,28,0,0,0,0,0,0,0,0,0,0,0,0,0,0,0,0
27,environment_communic,0,0,0,0,0,0,0,0,0,0,0,0,0,0,0,0,0
28,arsenic,1,0,0,0,0,0,0,0,0,0,0,0,0,0,0,0,0
29,human_biomonitor,0,0,0,0,0,0,0,0,0,0,0,0,0,0,0,0,0
30,health_hazard,3,0,0,0,0,0,0,0,0,0,0,0,0,0,0,0,0
31,environment_disast,0,0,0,0,0,0,0,0,0,0,0,0,0,0,0,0,0
32,social_work,0,0,0,0,0,0,0,0,0,0,0,0,0,0,0,0,0
33,communiti_social_support,0,0,0,0,0,0,0,0,0,0,0,0,0,0,0,0,0
34,disast_mitig,5,0,0,0,0,0,0,0,0,0,0,0,0,0,0,0,0
35,hurrican,44,0,0,1,0,1,0,1,0,0,0,0,0,0,0,0,0
36,damag,22,0,1,3,0,3,0,3,0,0,0,0,0,0,0,0,0
37,natur_disast,119,2,2,3,2,3,2,5,2,2,2,2,0,0,4,2,2
38,insur,90,0,0,2,0,2,0,2,0,0,0,0,0,0,0,0,0
39,texa,0,0,0,0,0,0,0,0,0,0,0,0,0,0,0,0,0
40,chronic_hepat_b_infect,0,0,0,0,0,0,0,0,0,0,0,0,0,0,0,0,0
41,fib_4,0,0,0,0,0,0,0,0,0,0,0,0,0,0,0,0,0
42,hcc_risk_stratif,0,0,0,0,0,0,0,0,0,0,0,0,0,0,0,0,0
43,hepatocellular_carcinoma,24,0,0,0,0,0,0,0,0,0,0,0,0,0,0,0,0
44,short_term_heavi_rain,0,1,0,0,0,0,1,0,1,1,1,1,1,1,1,1,1
45,subsid_risk_area,0,1,0,0,0,0,1,0,1,1,1,1,1,1,1,1,1
46,flash_flood_hazard,0,1,0,0,0,0,1,0,1,1,1,1,1,1,1,1,1
47,flood_model,55,6,0,0,6,6,6,6,6,6,0,0,0,0,6,6,6
48,flood_vulner_index,0,0,0,0,0,0,0,0,0,0,0,0,0,0,0,0,0
49,fvi,0,0,0,0,0,0,0,0,0,0,0,0,0,0,0,0,0
50,gis,1446,73,23,29,73,77,73,98,73,38,25,15,14,4,88,85,76
51,mitig,20,0,0,1,0,1,0,1,0,0,0,0,0,0,0,0,0
52,emerg_plan,1,0,0,0,0,0,0,0,0,0,0,0,0,0,0,0,0
53,build_construct,0,0,0,0,0,0,0,0,0,0,0,0,0,0,0,0,0
54,damag_caus_analysi,0,0,0,0,0,0,0,0,0,0,0,0,0,0,0,0,0
55,loss_ratio,0,0,0,0,0,0,0,0,0,0,0,0,0,0,0,0,0
56,claim_payout,0,0,0,0,0,0,0,0,0,0,0,0,0,0,0,0,0
57,loss_predict_model,0,0,0,0,0,0,0,0,0,0,0,0,0,0,0,0,0
58,anim,1,0,0,0,0,0,0,0,0,0,0,0,0,0,0,0,0
59,co_occurr,1,0,0,0,0,0,0,0,0,0,0,0,0,0,0,0,0
60,kangaroo,1,0,0,0,0,0,0,0,0,0,0,0,0,0,0,0,0
61,risk,535,3,8,40,9,43,3,43,3,0,0,0,0,0,9,9,9
62,road_ecolog,1,0,0,0,0,0,0,0,0,0,0,0,0,0,0,0,0
63,roadkil,1,0,0,0,0,0,0,0,0,0,0,0,0,0,0,0,0
64,spatial,1,0,0,0,0,0,0,0,0,0,0,0,0,0,0,0,0
65,speci_distribut_model,1,0,0,0,0,0,0,0,0,0,0,0,0,0,0,0,0
66,speed_limit,1,0,0,0,0,0,0,0,0,0,0,0,0,0,0,0,0
67,traffic_volum,1,0,0,0,0,0,0,0,0,0,0,0,0,0,0,0,0
68,urban_form,9,0,0,0,0,0,0,0,0,0,0,0,0,0,0,0,0
69,what_if_scenario,0,0,0,0,0,0,0,0,0,0,0,0,0,0,0,0,0
70,tsunami,55,0,3,3,0,3,0,3,0,0,0,0,0,0,0,0,0
71,evacu,2,0,0,0,0,0,0,0,0,0,0,0,0,0,0,0,0
72,agent_bas_model,0,0,0,0,0,0,0,0,0,0,0,0,0,0,0,0,0
73,human_environ_relat,6,0,0,0,0,0,0,0,0,0,0,0,0,0,0,0,0
74,apuseni_mountain,0,0,0,0,0,0,0,0,0,0,0,0,0,0,0,0,0
75,possibil,0,0,0,0,0,0,0,0,0,0,0,0,0,0,0,0,0
76,tourism,2,0,0,0,0,0,0,0,0,0,0,0,0,0,0,0,0
77,karst,0,0,0,0,0,0,0,0,0,0,0,0,0,0,0,0,0
78,flood_risk_assess,0,0,0,0,0,0,0,0,0,0,0,0,0,0,0,0,0
79,flood_damag,0,0,0,0,0,0,0,0,0,0,0,0,0,0,0,0,0
80,analyt_hierarchi_process,33,5,0,0,5,5,5,5,5,0,0,0,0,0,5,5,5
81,indic,50,2,0,0,2,2,2,2,2,0,0,0,0,0,2,2,2
82,natur_hazard,844,8,13,37,17,43,8,45,8,3,2,0,0,0,17,15,8
83,itali,79,1,1,1,1,1,1,2,1,1,1,1,0,0,2,2,2
84,map_vulner,1,0,0,0,0,0,0,0,0,0,0,0,0,0,0,0,0
85,risk_mitig,1,0,0,0,0,0,0,0,0,0,0,0,0,0,0,0,0
86,fluorid,0,0,0,0,0,0,0,0,0,0,0,0,0,0,0,0,0
87,water_hard,0,0,0,0,0,0,0,0,0,0,0,0,0,0,0,0,0
88,drink_water,0,0,0,0,0,0,0,0,0,0,0,0,0,0,0,0,0
89,environment_exposur,0,0,0,0,0,0,0,0,0,0,0,0,0,0,0,0,0
90,myocardi_infarct,0,0,0,0,0,0,0,0,0,0,0,0,0,0,0,0,0
91,coronari_heart_diseas,0,0,0,0,0,0,0,0,0,0,0,0,0,0,0,0,0
92,cardiovascular_diseas,0,0,0,0,0,0,0,0,0,0,0,0,0,0,0,0,0
93,cohort_studi,76,0,0,0,0,0,0,0,0,0,0,0,0,0,0,0,0
94,protect_forest,9,1,0,0,0,0,1,1,1,1,1,1,1,0,1,1,1
95,rockfal,20,0,0,0,0,0,0,0,0,0,0,0,0,0,0,0,0
96,ecosystem_servic,9,1,0,0,0,0,1,1,1,1,1,1,1,0,1,1,1
97,3d_simul_model,1,0,0,0,0,0,0,0,0,0,0,0,0,0,0,0,0
98,mountain_forest,8,1,0,0,0,0,1,1,1,1,1,1,1,0,1,1,1
99,glaciat,0,0,0,0,0,0,0,0,0,0,0,0,0,0,0,0,0
100,geomorpholog,25,5,9,4,5,9,5,9,0,0,0,0,0,0,5,5,5
101,glaciomechan_effect,0,0,0,0,0,0,0,0,0,0,0,0,0,0,0,0,0
102,rock_mechan,0,0,0,0,0,0,0,0,0,0,0,0,0,0,0,0,0
103,isparta,0,0,0,0,0,0,0,0,0,0,0,0,0,0,0,0,0
104,turkey,48,0,4,4,0,4,0,4,0,0,0,0,0,0,0,0,0
105,earthquake_induc_landslid,0,0,0,0,0,0,0,0,0,0,0,0,0,0,0,0,0
106,slope_stabil,17,2,0,0,1,1,2,1,2,1,1,1,1,1,2,2,2
107,numer_simul,0,0,0,0,0,0,0,0,0,0,0,0,0,0,0,0,0
108,parallel_comput,22,0,0,0,0,0,0,0,0,0,0,0,0,0,0,0,0
109,wenchuan_earthquak,38,4,0,0,4,4,4,4,4,4,0,0,0,0,4,4,4
110,debri_flow,53,0,2,2,1,2,0,2,0,0,0,0,0,0,1,1,1
111,natur_hazard_mitig,1,0,0,0,0,0,0,0,0,0,0,0,0,0,0,0,0
112,hazard_manag_optim,1,0,0,0,0,0,0,0,0,0,0,0,0,0,0,0,0
113,econom_risk,1,0,0,0,0,0,0,0,0,0,0,0,0,0,0,0,0
114,optim_risk_manag,1,0,0,0,0,0,0,0,0,0,0,0,0,0,0,0,0
115,wildfir,53,0,1,1,1,1,0,1,0,0,0,0,0,0,1,0,0
116,modi,18,0,0,0,0,0,0,0,0,0,0,0,0,0,0,0,0
117,inund,2,0,0,0,0,0,0,0,0,0,0,0,0,0,0,0,0
118,likelihood,2,0,0,0,0,0,0,0,0,0,0,0,0,0,0,0,0
119,spatial_uncertainti,2,0,0,0,0,0,0,0,0,0,0,0,0,0,0,0,0
120,probabl,91,0,1,5,1,5,0,5,0,0,0,0,0,0,1,1,0
121,gas_pipelin,0,0,0,0,0,0,0,0,0,0,0,0,0,0,0,0,0
122,gas_grid,0,0,0,0,0,0,0,0,0,0,0,0,0,0,0,0,0
123,reliabl,1,0,0,0,0,0,0,0,0,0,0,0,0,0,0,0,0
124,incid_criteria,0,0,0,0,0,0,0,0,0,0,0,0,0,0,0,0,0
125,bayesian,0,0,0,0,0,0,0,0,0,0,0,0,0,0,0,0,0
126,hierarch,0,0,0,0,0,0,0,0,0,0,0,0,0,0,0,0,0
127,intens_scale,0,0,0,0,0,0,0,0,0,0,0,0,0,0,0,0,0
128,damag_risk_level,0,0,0,0,0,0,0,0,0,0,0,0,0,0,0,0,0
129,multi_hazard_assess,11,0,0,0,0,0,0,0,0,0,0,0,0,0,0,0,0
130,multi_hazard_zone,0,0,0,0,0,0,0,0,0,0,0,0,0,0,0,0,0
131,bangladesh,22,0,0,0,0,0,0,0,0,0,0,0,0,0,0,0,0
132,seismic_impact,4,0,0,0,0,0,0,0,0,0,0,0,0,0,0,0,0
133,disrupt_index,4,0,0,0,0,0,0,0,0,0,0,0,0,0,0,0,0
134,urban_system,13,0,0,0,0,0,0,0,0,0,0,0,0,0,0,0,0
135,risk_measur,4,0,0,0,0,0,0,0,0,0,0,0,0,0,0,0,0
136,mt_._etna_area_itali,4,0,0,0,0,0,0,0,0,0,0,0,0,0,0,0,0
137,crowdsourc,8,0,0,0,0,0,0,0,0,0,0,0,0,0,0,0,0
138,disast_risk_reduct,1,0,0,0,0,0,0,0,0,0,0,0,0,0,0,0,0
139,flood_resili,0,0,0,0,0,0,0,0,0,0,0,0,0,0,0,0,0
140,social_media,10,0,0,0,0,0,0,0,0,0,0,0,0,0,0,0,0
141,volunt_geograph_inform_vgi,0,0,0,0,0,0,0,0,0,0,0,0,0,0,0,0,0
142,air_traffic_network,1,0,0,0,0,0,0,0,0,0,0,0,0,0,0,0,0
143,spatial_hazard,1,0,0,0,0,0,0,0,0,0,0,0,0,0,0,0,0
144,network_theori,1,0,0,0,0,0,0,0,0,0,0,0,0,0,0,0,0
145,adapt_strategi,1,0,0,0,0,0,0,0,0,0,0,0,0,0,0,0,0
146,rs,16,1,0,0,1,0,1,1,1,1,1,0,0,0,1,1,1
147,meteorolog,3,0,0,0,0,0,0,0,0,0,0,0,0,0,0,0,0
148,spatial_and_tempor_characterist,1,0,0,0,0,0,0,0,0,0,0,0,0,0,0,0,0
149,coastal_flood,0,0,0,0,0,0,0,0,0,0,0,0,0,0,0,0,0
150,fema_flood_insur_studi_fis,0,0,0,0,0,0,0,0,0,0,0,0,0,0,0,0,0
151,flood_risk_map,0,0,0,0,0,0,0,0,0,0,0,0,0,0,0,0,0
152,grid_surfac_subsurfac_hydrolog_analysi_gssha,0,0,0,0,0,0,0,0,0,0,0,0,0,0,0,0,0
153,hazard_unit_state_hazus,0,0,0,0,0,0,0,0,0,0,0,0,0,0,0,0,0
154,moldavian_plateau,0,0,0,0,0,0,0,0,0,0,0,0,0,0,0,0,0
155,multivari_statist_method,0,0,0,0,0,0,0,0,0,0,0,0,0,0,0,0,0
156,predictor_weight,0,0,0,0,0,0,0,0,0,0,0,0,0,0,0,0,0
157,receiv_oper_characterist_curv,0,0,0,0,0,0,0,0,0,0,0,0,0,0,0,0,0
158,semi_qualit_method,0,0,0,0,0,0,0,0,0,0,0,0,0,0,0,0,0
159,geobia,0,0,0,0,0,0,0,0,0,0,0,0,0,0,0,0,0
160,data_mine,1,0,0,0,0,0,0,0,0,0,0,0,0,0,0,0,0
161,machin_learn,0,0,0,0,0,0,0,0,0,0,0,0,0,0,0,0,0
162,landsat,1,0,0,0,0,0,0,0,0,0,0,0,0,0,0,0,0
163,neighborhood_effect,0,1,0,0,0,0,1,0,1,1,1,1,1,1,1,1,1
164,natur_experi,0,1,0,0,0,0,1,0,1,1,1,1,1,1,1,1,1
165,academ_perform,0,1,0,0,0,0,1,0,1,1,1,1,1,1,1,1,1
166,instrument_variabl,0,1,0,0,0,0,1,0,1,1,1,1,1,1,1,1,1
167,suscept_model,1,1,0,0,0,0,1,0,1,1,1,1,1,1,1,1,1
168,statist_method,1,1,0,0,0,0,1,0,1,1,1,1,1,1,1,1,1
169,accuraci_assess,1,1,0,0,0,0,1,0,1,1,1,1,1,1,1,1,1
170,flood_risk_manag,5,0,0,0,0,0,0,0,0,0,0,0,0,0,0,0,0
171,spatial_plan,16,0,0,0,0,0,0,0,0,0,0,0,0,0,0,0,0
172,integr,5,0,0,0,0,0,0,0,0,0,0,0,0,0,0,0,0
173,geograph_technolog,5,0,0,0,0,0,0,0,0,0,0,0,0,0,0,0,0
174,inform_infrastructur,5,0,0,0,0,0,0,0,0,0,0,0,0,0,0,0,0
175,evacu_facil,0,0,0,0,0,0,0,0,0,0,0,0,0,0,0,0,0
176,risk_assess,266,6,2,5,6,8,6,11,6,3,3,2,0,0,8,8,8
177,hazard,634,1,16,47,14,48,1,48,1,1,0,0,0,0,14,14,8
178,vulner,881,11,13,42,16,51,11,53,7,4,2,1,0,0,17,17,17
179,network_analysi,0,0,0,0,0,0,0,0,0,0,0,0,0,0,0,0,0
180,servic_area,0,0,0,0,0,0,0,0,0,0,0,0,0,0,0,0,0
181,landslid_inventori,10,0,0,0,0,0,0,0,0,0,0,0,0,0,0,0,0
182,shallow_landslid,5,0,0,0,0,0,0,0,0,0,0,0,0,0,0,0,0
183,orthophoto_interpret,1,0,0,0,0,0,0,0,0,0,0,0,0,0,0,0,0
184,differenti_digit_terrain_model,1,0,0,0,0,0,0,0,0,0,0,0,0,0,0,0,0
185,landslid_volum,1,0,0,0,0,0,0,0,0,0,0,0,0,0,0,0,0
186,impact_assess,9,0,1,1,1,1,0,1,0,0,0,0,0,0,1,1,0
187,household_incom,1,0,0,0,0,0,0,0,0,0,0,0,0,0,0,0,0
188,quantit_survey,1,0,0,0,0,0,0,0,0,0,0,0,0,0,0,0,0
189,sub_saharan_africa,1,0,0,0,0,0,0,0,0,0,0,0,0,0,0,0,0
190,uganda,1,0,0,0,0,0,0,0,0,0,0,0,0,0,0,0,0
191,freez_precipit,0,0,0,0,0,0,0,0,0,0,0,0,0,0,0,0,0
192,northern_eurasia,0,0,0,0,0,0,0,0,0,0,0,0,0,0,0,0,0
193,north_america,0,0,0,0,0,0,0,0,0,0,0,0,0,0,0,0,0
194,climat_chang,155,2,0,0,1,1,2,2,2,1,1,1,0,0,2,2,2
195,analyt_hierarch_process,40,2,0,0,2,0,2,2,2,2,2,0,0,0,2,2,2
196,catastroph_theori,2,2,0,0,0,0,2,2,2,2,2,2,2,0,2,2,2
197,flash_flood,225,0,1,1,1,1,0,1,0,0,0,0,0,0,1,1,1
198,iraq,2,2,0,0,0,0,2,2,2,2,2,2,2,0,2,2,2
199,mass_movement,64,0,2,2,2,2,0,2,0,0,0,0,0,0,2,2,0
200,sackung,1,0,0,0,0,0,0,0,0,0,0,0,0,0,0,0,0
201,later_spread,1,0,0,0,0,0,0,0,0,0,0,0,0,0,0,0,0
202,land_plan,1,0,0,0,0,0,0,0,0,0,0,0,0,0,0,0,0
203,remot_sens,493,45,6,5,43,40,45,50,44,16,10,5,4,0,48,48,45
204,hydrolog,0,0,0,0,0,0,0,0,0,0,0,0,0,0,0,0,0
205,geo_environ,0,0,0,0,0,0,0,0,0,0,0,0,0,0,0,0,0
206,dem,0,0,0,0,0,0,0,0,0,0,0,0,0,0,0,0,0
207,hurrican_relief,1,0,0,0,0,0,0,0,0,0,0,0,0,0,0,0,0
208,age_popul,1,0,0,0,0,0,0,0,0,0,0,0,0,0,0,0,0
209,p_median_model,1,0,0,0,0,0,0,0,0,0,0,0,0,0,0,0,0
210,facil_site,1,0,0,0,0,0,0,0,0,0,0,0,0,0,0,0,0
211,chalcolith,1,0,0,0,0,0,0,0,0,0,0,0,0,0,0,0,0
212,natur_resourc,1,0,0,0,0,0,0,0,0,0,0,0,0,0,0,0,0
213,human_settlement,1,0,0,0,0,0,0,0,0,0,0,0,0,0,0,0,0
214,algier,0,0,0,0,0,0,0,0,0,0,0,0,0,0,0,0,0
215,al_harrash_municip,0,0,0,0,0,0,0,0,0,0,0,0,0,0,0,0,0
216,al_harrash_river,0,0,0,0,0,0,0,0,0,0,0,0,0,0,0,0,0
217,multicriteria_analysi,8,2,0,0,2,2,2,2,2,2,0,0,0,0,2,2,2
218,vulnerability_resili_indic,0,0,0,0,0,0,0,0,0,0,0,0,0,0,0,0,0
219,water_rel_risk,0,0,0,0,0,0,0,0,0,0,0,0,0,0,0,0,0
220,hazard_liquid,2,0,0,0,0,0,0,0,0,0,0,0,0,0,0,0,0
221,pipelin_system,2,0,0,0,0,0,0,0,0,0,0,0,0,0,0,0,0
222,accid_analysi,2,0,0,0,0,0,0,0,0,0,0,0,0,0,0,0,0
223,natech,2,0,0,0,0,0,0,0,0,0,0,0,0,0,0,0,0
224,phmsa,2,0,0,0,0,0,0,0,0,0,0,0,0,0,0,0,0
225,setif,0,0,0,0,0,0,0,0,0,0,0,0,0,0,0,0,0
226,analytic_heurist,0,0,0,0,0,0,0,0,0,0,0,0,0,0,0,0,0
227,suscept,123,16,0,0,15,14,16,16,16,2,2,1,1,0,16,16,16
228,natur_break,0,0,0,0,0,0,0,0,0,0,0,0,0,0,0,0,0
229,land_use_plan,58,2,0,0,2,0,2,2,2,2,2,0,0,0,2,2,2
230,zone,0,0,0,0,0,0,0,0,0,0,0,0,0,0,0,0,0
231,sistan,0,0,0,0,0,0,0,0,0,0,0,0,0,0,0,0,0
232,baluchestan,0,0,0,0,0,0,0,0,0,0,0,0,0,0,0,0,0
233,suscept_map,0,1,0,0,0,0,1,0,1,1,1,1,1,1,1,1,1
234,analyt_hierarchi_process_ahp,179,1,0,21,0,21,1,21,1,1,1,1,1,1,1,1,1
235,environment_risk,9,0,0,0,0,0,0,0,0,0,0,0,0,0,0,0,0
236,socioeconom_vulner,5,0,0,0,0,0,0,0,0,0,0,0,0,0,0,0,0
237,long_dist_migrat,2,0,0,0,0,0,0,0,0,0,0,0,0,0,0,0,0
238,displac,2,0,0,0,0,0,0,0,0,0,0,0,0,0,0,0,0
239,residenti_mobil,2,0,0,0,0,0,0,0,0,0,0,0,0,0,0,0,0
240,extend_neighborhood,2,0,0,0,0,0,0,0,0,0,0,0,0,0,0,0,0
241,attain,2,0,0,0,0,0,0,0,0,0,0,0,0,0,0,0,0
242,hurrican_katrina,12,0,0,0,0,0,0,0,0,0,0,0,0,0,0,0,0
243,earthquak,121,0,8,11,1,11,0,11,0,0,0,0,0,0,1,0,0
244,hazus_mh,2,0,0,0,0,0,0,0,0,0,0,0,0,0,0,0,0
245,time_us_survey,2,0,0,0,0,0,0,0,0,0,0,0,0,0,0,0,0
246,casualti,65,0,4,4,3,4,0,4,0,0,0,0,0,0,3,3,0
247,natur_disturb_regim,1,0,0,0,0,0,0,0,0,0,0,0,0,0,0,0,0
248,lymantria_monacha,1,0,0,0,0,0,0,0,0,0,0,0,0,0,0,0,0
249,restor,1,0,0,0,0,0,0,0,0,0,0,0,0,0,0,0,0
250,zeiraphera_griseana,1,0,0,0,0,0,0,0,0,0,0,0,0,0,0,0,0
251,landslid_monitor,0,0,0,0,0,0,0,0,0,0,0,0,0,0,0,0,0
252,landslid_early_warn,0,0,0,0,0,0,0,0,0,0,0,0,0,0,0,0,0
253,web3dgi,0,0,0,0,0,0,0,0,0,0,0,0,0,0,0,0,0
254,landslid_suscept,234,15,3,3,16,17,15,18,15,1,1,1,0,0,17,15,15
255,dam_reservoir,0,0,0,0,0,0,0,0,0,0,0,0,0,0,0,0,0
256,determinist,0,0,0,0,0,0,0,0,0,0,0,0,0,0,0,0,0
257,landslid_hazard_map,40,4,0,0,4,4,4,4,4,4,0,0,0,0,4,4,4
258,frequenc_ratio,36,0,0,0,0,0,0,0,0,0,0,0,0,0,0,0,0
259,weight_factor,2,0,0,0,0,0,0,0,0,0,0,0,0,0,0,0,0
260,logist_regress,181,5,0,25,5,29,5,30,5,1,1,0,0,0,5,5,5
261,weight_of_evid,40,4,0,0,4,4,4,4,4,4,0,0,0,0,4,4,4
262,constantin,2,0,0,0,0,0,0,0,0,0,0,0,0,0,0,0,0
263,algeria,2,0,0,0,0,0,0,0,0,0,0,0,0,0,0,0,0
264,seismic_microzon,8,1,0,0,1,1,1,1,1,1,0,0,0,0,1,1,1
265,seismic_hazard,44,0,1,1,0,1,0,1,0,0,0,0,0,0,0,0,0
266,pga,0,0,0,0,0,0,0,0,0,0,0,0,0,0,0,0,0
267,al_madinah,0,0,0,0,0,0,0,0,0,0,0,0,0,0,0,0,0
268,saudi_arabia,0,0,0,0,0,0,0,0,0,0,0,0,0,0,0,0,0
269,watersh_priorit,1,3,0,0,0,0,3,0,3,3,3,3,3,3,3,3,3
270,ahp,110,16,0,0,7,4,16,13,16,16,12,9,9,3,16,16,16
271,roc_curv,1,3,0,0,0,0,3,0,3,3,3,3,3,3,3,3,3
272,flood_hazard,25,4,1,0,1,1,4,1,3,3,3,3,3,3,4,4,4
273,iran,27,3,0,0,0,0,3,0,3,3,3,3,3,3,3,3,3
274,decis_support_system_dss,9,0,0,1,0,1,0,1,0,0,0,0,0,0,0,0,0
275,climat_chang_adapt,5,0,0,0,0,0,0,0,0,0,0,0,0,0,0,0,0
276,multi_criteria_decis_analysi_mcda,4,0,0,0,0,0,0,0,0,0,0,0,0,0,0,0,0
277,surfac_temperatur,4,0,0,0,0,0,0,0,0,0,0,0,0,0,0,0,0
278,urban_climat,4,0,0,0,0,0,0,0,0,0,0,0,0,0,0,0,0
279,children_health,4,0,0,0,0,0,0,0,0,0,0,0,0,0,0,0,0
280,playground,4,0,0,0,0,0,0,0,0,0,0,0,0,0,0,0,0
281,bioclimat_urban_design,4,0,0,0,0,0,0,0,0,0,0,0,0,0,0,0,0
282,geograph_scale,4,0,0,0,0,0,0,0,0,0,0,0,0,0,0,0,0
283,mountain,26,0,0,0,0,0,0,0,0,0,0,0,0,0,0,0,0
284,area_with_geograph_specif,0,0,0,0,0,0,0,0,0,0,0,0,0,0,0,0,0
285,european_polici,0,0,0,0,0,0,0,0,0,0,0,0,0,0,0,0,0
286,evidence_bas_polici,0,0,0,0,0,0,0,0,0,0,0,0,0,0,0,0,0
287,sustain_develop,50,3,0,0,2,2,3,3,3,1,1,1,0,0,3,3,3
288,participatori_plan,0,0,0,0,0,0,0,0,0,0,0,0,0,0,0,0,0
289,snow_avalanch,4,0,0,0,0,0,0,0,0,0,0,0,0,0,0,0,0
290,occurr_rate,0,0,0,0,0,0,0,0,0,0,0,0,0,0,0,0,0
291,mont_carlo,0,0,0,0,0,0,0,0,0,0,0,0,0,0,0,0,0
292,simul,1,0,0,0,0,0,0,0,0,0,0,0,0,0,0,0,0
293,crowd_dynam,1,0,0,0,0,0,0,0,0,0,0,0,0,0,0,0,0
294,pedestrian_flow,1,0,0,0,0,0,0,0,0,0,0,0,0,0,0,0,0
295,traffic_model,1,0,0,0,0,0,0,0,0,0,0,0,0,0,0,0,0
296,support_vector_machin_svm,23,4,0,0,0,0,4,4,4,4,4,4,4,0,4,4,4
297,luxi,0,0,0,0,0,0,0,0,0,0,0,0,0,0,0,0,0
298,china,44,2,0,1,2,3,2,3,2,0,0,0,0,0,2,2,2
299,cancer_risk,0,0,0,0,0,0,0,0,0,0,0,0,0,0,0,0,0
300,kuwait,0,0,0,0,0,0,0,0,0,0,0,0,0,0,0,0,0
301,failaka_island,0,0,0,0,0,0,0,0,0,0,0,0,0,0,0,0,0
302,gulf_war,0,0,0,0,0,0,0,0,0,0,0,0,0,0,0,0,0
303,natur_radioact,0,0,0,0,0,0,0,0,0,0,0,0,0,0,0,0,0
304,deplet_uranium,0,0,0,0,0,0,0,0,0,0,0,0,0,0,0,0,0
305,disast,298,2,21,21,23,23,2,23,2,1,0,0,0,0,23,23,2
306,nurs,0,0,0,0,0,0,0,0,0,0,0,0,0,0,0,0,0
307,intens_care,0,0,0,0,0,0,0,0,0,0,0,0,0,0,0,0,0
308,emerg_respons,15,0,0,0,0,0,0,0,0,0,0,0,0,0,0,0,0
309,manmad_disast,0,0,0,0,0,0,0,0,0,0,0,0,0,0,0,0,0
310,critic_care_nurs,0,0,0,0,0,0,0,0,0,0,0,0,0,0,0,0,0
311,winter_storm_hazard,0,0,0,0,0,0,0,0,0,0,0,0,0,0,0,0,0
312,emerg_prepared,0,0,0,0,0,0,0,0,0,0,0,0,0,0,0,0,0
313,emerg_manag,15,0,0,0,0,0,0,0,0,0,0,0,0,0,0,0,0
314,scenario,2,0,0,0,0,0,0,0,0,0,0,0,0,0,0,0,0
315,arkstorm,0,0,0,0,0,0,0,0,0,0,0,0,0,0,0,0,0
316,chile,1,0,0,0,0,0,0,0,0,0,0,0,0,0,0,0,0
317,communiti,18,0,0,0,0,0,0,0,0,0,0,0,0,0,0,0,0
318,resourc,28,0,0,0,0,0,0,0,0,0,0,0,0,0,0,0,0
319,capit,1,0,0,0,0,0,0,0,0,0,0,0,0,0,0,0,0
320,middl,1,0,0,0,0,0,0,0,0,0,0,0,0,0,0,0,0
321,class,1,0,0,0,0,0,0,0,0,0,0,0,0,0,0,0,0
322,emerg,1,0,0,0,0,0,0,0,0,0,0,0,0,0,0,0,0
323,region_risk_assess,4,0,0,0,0,0,0,0,0,0,0,0,0,0,0,0,0
324,esino_coastal_aquif,4,0,0,0,0,0,0,0,0,0,0,0,0,0,0,0,0
325,groundwat,13,2,0,0,0,0,2,2,2,2,2,2,2,0,2,2,2
326,mcda,8,0,0,0,0,0,0,0,0,0,0,0,0,0,0,0,0
327,model_chain,4,0,0,0,0,0,0,0,0,0,0,0,0,0,0,0,0
328,urban_abandon,0,0,0,0,0,0,0,0,0,0,0,0,0,0,0,0,0
329,environment_chang,42,0,0,0,0,0,0,0,0,0,0,0,0,0,0,0,0
330,humanitarian_emerg,0,0,0,0,0,0,0,0,0,0,0,0,0,0,0,0,0
331,humanitarian_crisi,0,0,0,0,0,0,0,0,0,0,0,0,0,0,0,0,0
332,lidar_data,2,0,0,0,0,0,0,0,0,0,0,0,0,0,0,0,0
333,demod,2,0,0,0,0,0,0,0,0,0,0,0,0,0,0,0,0
334,betic_cordillera,2,0,0,0,0,0,0,0,0,0,0,0,0,0,0,0,0
335,spain,4,0,0,0,0,0,0,0,0,0,0,0,0,0,0,0,0
336,slope_movement,0,0,0,0,0,0,0,0,0,0,0,0,0,0,0,0,0
337,capac_build,0,0,0,0,0,0,0,0,0,0,0,0,0,0,0,0,0
338,high_mountain_area,0,0,0,0,0,0,0,0,0,0,0,0,0,0,0,0,0
339,picus,7,1,0,0,0,0,1,1,1,1,1,1,1,0,1,1,1
340,forest_manag,7,1,0,0,0,0,1,1,1,1,1,1,1,0,1,1,1
341,popul_island,1,0,0,0,0,0,0,0,0,0,0,0,0,0,0,0,0
342,index_system,1,0,0,0,0,0,0,0,0,0,0,0,0,0,0,0,0
343,defens_countermeasur,1,0,0,0,0,0,0,0,0,0,0,0,0,0,0,0,0
344,databas,216,0,1,1,1,1,0,1,0,0,0,0,0,0,1,1,1
345,nation,3,0,0,0,0,0,0,0,0,0,0,0,0,0,0,0,0
346,twitter,13,0,0,0,0,0,0,0,0,0,0,0,0,0,0,0,0
347,threshold,3,0,0,0,0,0,0,0,0,0,0,0,0,0,0,0,0
348,domain,3,0,0,0,0,0,0,0,0,0,0,0,0,0,0,0,0
349,coastal_urban_area,3,0,0,0,0,0,0,0,0,0,0,0,0,0,0,0,0
350,critic_facil_vulner,3,0,0,0,0,0,0,0,0,0,0,0,0,0,0,0,0
351,dea,9,0,0,0,0,0,0,0,0,0,0,0,0,0,0,0,0
352,disast_manag,56,0,1,3,0,3,0,3,0,0,0,0,0,0,0,0,0
353,infrastructur_vulner,3,0,0,0,0,0,0,0,0,0,0,0,0,0,0,0,0
354,mumbai,3,0,0,0,0,0,0,0,0,0,0,0,0,0,0,0,0
355,pca,6,0,0,0,0,0,0,0,0,0,0,0,0,0,0,0,0
356,?_?_?_?_?_pca,3,0,0,0,0,0,0,0,0,0,0,0,0,0,0,0,0
357,area_urbana_costera,3,0,0,0,0,0,0,0,0,0,0,0,0,0,0,0,0
358,vulnerabilidad_de_las_instalacion_critica,3,0,0,0,0,0,0,0,0,0,0,0,0,0,0,0,0
359,manejo_de_desastr,3,0,0,0,0,0,0,0,0,0,0,0,0,0,0,0,0
360,vulnerabilidad_de_la_infraestructura,3,0,0,0,0,0,0,0,0,0,0,0,0,0,0,0,0
361,bombay,3,0,0,0,0,0,0,0,0,0,0,0,0,0,0,0,0
362,vulnerabilidad_socioeconomica,3,0,0,0,0,0,0,0,0,0,0,0,0,0,0,0,0
363,cultur_heritag,12,0,0,0,0,0,0,0,0,0,0,0,0,0,0,0,0
364,remot_sens_techniqu,5,0,0,0,0,0,0,0,0,0,0,0,0,0,0,0,0
365,gis_analysi,5,0,0,0,0,0,0,0,0,0,0,0,0,0,0,0,0
366,urban_geographi,1,0,0,0,0,0,0,0,0,0,0,0,0,0,0,0,0
367,environment_justic,30,0,0,0,0,0,0,0,0,0,0,0,0,0,0,0,0
368,urban_heat_island,1,0,0,0,0,0,0,0,0,0,0,0,0,0,0,0,0
369,climat_justic,1,0,0,0,0,0,0,0,0,0,0,0,0,0,0,0,0
370,exposur_model,2,0,0,0,0,0,0,0,0,0,0,0,0,0,0,0,0
371,disast_risk_assess,23,1,0,0,0,0,1,1,1,1,1,1,0,0,1,1,1
372,gross_domest_product_gdp,2,0,0,0,0,0,0,0,0,0,0,0,0,0,0,0,0
373,build_inventori,2,0,0,0,0,0,0,0,0,0,0,0,0,0,0,0,0
374,gross_capit_stock_gcs,2,0,0,0,0,0,0,0,0,0,0,0,0,0,0,0,0
375,infrastructur,13,0,0,0,0,0,0,0,0,0,0,0,0,0,0,0,0
376,urban,58,1,0,2,0,2,1,3,1,1,1,1,0,0,1,1,1
377,agricultur,2,0,0,0,0,0,0,0,0,0,0,0,0,0,0,0,0
378,snow,0,0,0,0,0,0,0,0,0,0,0,0,0,0,0,0,0
379,digit_elev_model_dem,0,0,0,0,0,0,0,0,0,0,0,0,0,0,0,0,0
380,analyt_hierarch_process_ahp,0,0,0,0,0,0,0,0,0,0,0,0,0,0,0,0,0
381,avalanch_hazard,0,0,0,0,0,0,0,0,0,0,0,0,0,0,0,0,0
382,uri_sector,0,0,0,0,0,0,0,0,0,0,0,0,0,0,0,0,0
383,thailand,3,0,0,0,0,0,0,0,0,0,0,0,0,0,0,0,0
384,age_at_menarch,6,0,0,0,0,0,0,0,0,0,0,0,0,0,0,0,0
385,age_at_menopaus,6,0,0,0,0,0,0,0,0,0,0,0,0,0,0,0,0
386,breastfeed,6,0,0,0,0,0,0,0,0,0,0,0,0,0,0,0,0
387,mortal,82,0,0,0,0,0,0,0,0,0,0,0,0,0,0,0,0
388,oral_contracept,6,0,0,0,0,0,0,0,0,0,0,0,0,0,0,0,0
389,pariti,6,0,0,0,0,0,0,0,0,0,0,0,0,0,0,0,0
390,radon_mass_exhal_rate,23,0,1,1,1,1,0,1,0,0,0,0,0,0,1,1,0
391,eman_coeffici,23,0,1,1,1,1,0,1,0,0,0,0,0,0,1,1,0
392,hazard_indic,0,0,0,0,0,0,0,0,0,0,0,0,0,0,0,0,0
393,annual_effect_dose,0,0,0,0,0,0,0,0,0,0,0,0,0,0,0,0,0
394,radiolog_risk,0,0,0,0,0,0,0,0,0,0,0,0,0,0,0,0,0
395,volcan_tuff,0,0,0,0,0,0,0,0,0,0,0,0,0,0,0,0,0
396,gann,2,0,0,0,0,0,0,0,0,0,0,0,0,0,0,0,0
397,multivari_hazard_evalu_method,2,0,0,0,0,0,0,0,0,0,0,0,0,0,0,0,0
398,risk_index,0,0,0,0,0,0,0,0,0,0,0,0,0,0,0,0,0
399,risk_distribut,0,0,0,0,0,0,0,0,0,0,0,0,0,0,0,0,0
400,structur_vulner,0,0,0,0,0,0,0,0,0,0,0,0,0,0,0,0,0
401,loss,0,0,0,0,0,0,0,0,0,0,0,0,0,0,0,0,0
402,web_gi,4,0,0,0,0,0,0,0,0,0,0,0,0,0,0,0,0
403,decis_make,27,5,0,0,5,5,5,5,5,0,0,0,0,0,5,5,5
404,particip_decis_support_platform,4,0,0,0,0,0,0,0,0,0,0,0,0,0,0,0,0
405,disast_risk_manag,16,1,0,0,1,1,1,1,1,0,0,0,0,0,1,1,1
406,"compromis_program_,_multi_criteria_method",4,0,0,0,0,0,0,0,0,0,0,0,0,0,0,0,0
407,gps_tec,4,0,0,0,0,0,0,0,0,0,0,0,0,0,0,0,0
408,atmosphere_ionospher_coupl,4,0,0,0,0,0,0,0,0,0,0,0,0,0,0,0,0
409,neutral_wind_dynamo,4,0,0,0,0,0,0,0,0,0,0,0,0,0,0,0,0
410,mountain_risk_and_disast_manag,1,0,0,0,0,0,0,0,0,0,0,0,0,0,0,0,0
411,torrent_and_avalanch_cadast,1,0,0,0,0,0,0,0,0,0,0,0,0,0,0,0,0
412,hazard_zone,1,0,0,0,0,0,0,0,0,0,0,0,0,0,0,0,0
413,digit,1,0,0,0,0,0,0,0,0,0,0,0,0,0,0,0,0
414,land_cover,32,0,0,0,0,0,0,0,0,0,0,0,0,0,0,0,0
415,land_use,26,0,0,0,0,0,0,0,0,0,0,0,0,0,0,0,0
416,volunt_geograph_inform,18,0,0,0,0,0,0,0,0,0,0,0,0,0,0,0,0
417,valid,12,0,0,0,0,0,0,0,0,0,0,0,0,0,0,0,0
418,riverbank_stabil,4,2,0,0,0,0,2,2,2,2,2,2,2,0,2,2,2
419,hazard_predict,1,1,0,0,0,0,1,1,1,1,1,1,1,0,1,1,1
420,map,11,1,0,0,0,0,1,1,1,1,1,1,1,0,1,1,1
421,topographi,7,2,0,0,1,1,2,2,2,1,1,1,1,0,2,2,2
422,river_murray,4,2,0,0,0,0,2,2,2,2,2,2,2,0,2,2,2
423,spatial_relationship,0,0,0,0,0,0,0,0,0,0,0,0,0,0,0,0,0
424,radon,19,1,0,0,0,0,1,1,1,1,1,1,0,0,1,1,1
425,korea,0,0,0,0,0,0,0,0,0,0,0,0,0,0,0,0,0
426,index_of_entropi,2,2,0,0,0,0,2,2,2,2,2,2,2,0,2,2,2
427,arid_region,2,2,0,0,0,0,2,2,2,2,2,2,2,0,2,2,2
428,bernoulli_trial,0,0,0,0,0,0,0,0,0,0,0,0,0,0,0,0,0
429,dri_spell,0,0,0,0,0,0,0,0,0,0,0,0,0,0,0,0,0
430,heterogen,0,0,0,0,0,0,0,0,0,0,0,0,0,0,0,0,0
431,probabl_model,1,0,0,0,0,0,0,0,0,0,0,0,0,0,0,0,0
432,region,0,0,0,0,0,0,0,0,0,0,0,0,0,0,0,0,0
433,wet_spell,0,0,0,0,0,0,0,0,0,0,0,0,0,0,0,0,0
434,amazon,1,1,0,0,0,0,1,1,1,1,1,1,1,0,1,1,1
435,interdisciplinari_method,1,1,0,0,0,0,1,1,1,1,1,1,1,0,1,1,1
436,urban_plan,10,1,1,1,0,1,1,2,1,1,1,1,1,0,1,1,1
437,urban_seismic_risk,0,0,0,0,0,0,0,0,0,0,0,0,0,0,0,0,0
438,seismic_vulner,0,0,0,0,0,0,0,0,0,0,0,0,0,0,0,0,0
439,mitig_plan,0,0,0,0,0,0,0,0,0,0,0,0,0,0,0,0,0
440,mitig_polici,0,0,0,0,0,0,0,0,0,0,0,0,0,0,0,0,0
441,risk_assess_matrix_.,1,0,0,0,0,0,0,0,0,0,0,0,0,0,0,0,0
442,weight_linear_combin,1,0,0,0,0,0,0,0,0,0,0,0,0,0,0,0,0
443,landslid_densiti,1,0,0,0,0,0,0,0,0,0,0,0,0,0,0,0,0
444,climate_chang_adapt,6,0,0,0,0,0,0,0,0,0,0,0,0,0,0,0,0
445,exposur,8,0,0,0,0,0,0,0,0,0,0,0,0,0,0,0,0
446,integr_vulner_assess,6,0,0,0,0,0,0,0,0,0,0,0,0,0,0,0,0
447,geovisu,6,0,0,0,0,0,0,0,0,0,0,0,0,0,0,0,0
448,participatori_gis,6,0,0,0,0,0,0,0,0,0,0,0,0,0,0,0,0
449,urban_geolog,256,8,0,21,4,25,8,29,8,8,4,4,4,0,8,8,8
450,land_us_plan,240,8,0,21,4,25,8,29,8,8,4,4,4,0,8,8,8
451,ksa,2,4,0,0,0,0,4,4,4,4,4,4,4,0,4,4,4
452,carbon_captur_and_storag,1,0,0,0,0,0,0,0,0,0,0,0,0,0,0,0,0
453,carbon_dioxid,1,0,0,0,0,0,0,0,0,0,0,0,0,0,0,0,0
454,fault,1,0,0,0,0,0,0,0,0,0,0,0,0,0,0,0,0
455,hydrogeolog,1,0,0,0,0,0,0,0,0,0,0,0,0,0,0,0,0
456,leakag,1,0,0,0,0,0,0,0,0,0,0,0,0,0,0,0,0
457,monitor,52,2,0,0,2,2,2,2,2,0,0,0,0,0,2,2,2
458,leve_effect,3,0,0,0,0,0,0,0,0,0,0,0,0,0,0,0,0
459,exposur_to_flood,3,0,0,0,0,0,0,0,0,0,0,0,0,0,0,0,0
460,flood_hazard_and_risk_assess,3,0,0,0,0,0,0,0,0,0,0,0,0,0,0,0,0
461,po_river,3,0,0,0,0,0,0,0,0,0,0,0,0,0,0,0,0
462,hypsometr_vulner_curv,3,0,0,0,0,0,0,0,0,0,0,0,0,0,0,0,0
463,spatio_tempor_pattern,1,0,0,0,0,0,0,0,0,0,0,0,0,0,0,0,0
464,drought_indic,17,0,0,0,0,0,0,0,0,0,0,0,0,0,0,0,0
465,north_xinjiang,1,0,0,0,0,0,0,0,0,0,0,0,0,0,0,0,0
466,chang_detect,0,0,0,0,0,0,0,0,0,0,0,0,0,0,0,0,0
467,urban_transform,0,0,0,0,0,0,0,0,0,0,0,0,0,0,0,0,0
468,van_citi,0,0,0,0,0,0,0,0,0,0,0,0,0,0,0,0,0
469,coronari_diseas,3,0,0,0,0,0,0,0,0,0,0,0,0,0,0,0,0
470,epidemiolog,8,0,0,0,0,0,0,0,0,0,0,0,0,0,0,0,0
471,sex,3,0,0,0,0,0,0,0,0,0,0,0,0,0,0,0,0
472,women,3,0,0,0,0,0,0,0,0,0,0,0,0,0,0,0,0
473,hazard_assess,2,1,0,0,0,0,1,1,1,1,1,1,1,0,1,1,1
474,predict_curv,2,1,0,0,0,0,1,1,1,1,1,1,1,0,1,1,1
475,predict,11,1,0,18,0,18,1,19,1,1,1,1,1,0,1,1,1
476,statist_analysi,2,1,0,0,0,0,1,1,1,1,1,1,1,0,1,1,1
477,gis_model,17,1,0,0,0,0,1,1,1,1,1,1,1,0,1,1,1
478,standard_precipit_index_spi,1,0,0,0,0,0,0,0,0,0,0,0,0,0,0,0,0
479,veget_condit_index_vci,1,0,0,0,0,0,0,0,0,0,0,0,0,0,0,0,0
480,associ_rule_mine,1,0,0,0,0,0,0,0,0,0,0,0,0,0,0,0,0
481,meteorolog_disast,1,0,0,0,0,0,0,0,0,0,0,0,0,0,0,0,0
482,ndvi,25,0,0,0,0,0,0,0,0,0,0,0,0,0,0,0,0
483,crop_stress,1,0,0,0,0,0,0,0,0,0,0,0,0,0,0,0,0
484,andhra_pradesh,1,0,0,0,0,0,0,0,0,0,0,0,0,0,0,0,0
485,network_vulner_analysi,4,0,0,0,0,0,0,0,0,0,0,0,0,0,0,0,0
486,network_disrupt,4,0,0,0,0,0,0,0,0,0,0,0,0,0,0,0,0
487,devast_earthquak,4,0,0,0,0,0,0,0,0,0,0,0,0,0,0,0,0
488,disast_emerg_and_relief_oper,4,0,0,0,0,0,0,0,0,0,0,0,0,0,0,0,0
489,transport_network_redund,4,0,0,0,0,0,0,0,0,0,0,0,0,0,0,0,0
490,rainfal_aggress,2,0,0,0,0,0,0,0,0,0,0,0,0,0,0,0,0
491,concentr_index,2,0,0,0,0,0,0,0,0,0,0,0,0,0,0,0,0
492,irregular,2,0,0,0,0,0,0,0,0,0,0,0,0,0,0,0,0
493,basin,2,0,0,0,0,0,0,0,0,0,0,0,0,0,0,0,0
494,electr_power,0,0,0,0,0,0,0,0,0,0,0,0,0,0,0,0,0
495,risk_manag,83,1,0,1,1,1,1,2,1,1,1,0,0,0,1,1,1
496,bayesian_analysi,0,0,0,0,0,0,0,0,0,0,0,0,0,0,0,0,0
497,forecast,23,0,0,0,0,0,0,0,0,0,0,0,0,0,0,0,0
498,electr_power_outag,0,0,0,0,0,0,0,0,0,0,0,0,0,0,0,0,0
499,multiscal_model,0,0,0,0,0,0,0,0,0,0,0,0,0,0,0,0,0
500,spatial_smooth,0,0,0,0,0,0,0,0,0,0,0,0,0,0,0,0,0
501,cluster,21,0,0,0,0,0,0,0,0,0,0,0,0,0,0,0,0
502,landslid_inventori_map,48,0,4,4,0,4,0,4,0,0,0,0,0,0,0,0,0
503,pico_de_orizaba_volcano,0,0,0,0,0,0,0,0,0,0,0,0,0,0,0,0,0
504,moho_depth,0,0,0,0,0,0,0,0,0,0,0,0,0,0,0,0,0
505,p_n_veloc,0,0,0,0,0,0,0,0,0,0,0,0,0,0,0,0,0
506,p_g_veloc,0,0,0,0,0,0,0,0,0,0,0,0,0,0,0,0,0
507,disast_educ,1,0,0,0,0,0,0,0,0,0,0,0,0,0,0,0,0
508,japan,1,0,0,0,0,0,0,0,0,0,0,0,0,0,0,0,0
509,prepared,8,0,0,0,0,0,0,0,0,0,0,0,0,0,0,0,0
510,school_safeti,1,0,0,0,0,0,0,0,0,0,0,0,0,0,0,0,0
511,land_use_chang,2,0,0,0,0,0,0,0,0,0,0,0,0,0,0,0,0
512,hydrometeorolog_hazard,2,0,0,0,0,0,0,0,0,0,0,0,0,0,0,0,0
513,spatial_simul,2,0,0,0,0,0,0,0,0,0,0,0,0,0,0,0,0
514,stakehold,30,3,3,0,3,3,3,3,0,0,0,0,0,0,3,3,3
515,alp,4,0,0,0,0,0,0,0,0,0,0,0,0,0,0,0,0
516,flood_suscept,72,9,0,0,5,0,9,9,9,9,9,4,4,0,9,9,9
517,decis_tree_dt,56,7,0,0,5,0,7,7,7,7,7,2,2,0,7,7,7
518,malaysia,369,74,31,0,70,65,74,74,43,15,9,4,4,0,74,74,74
519,germani,10,0,0,0,0,0,0,0,0,0,0,0,0,0,0,0,0
520,crisi,10,0,0,0,0,0,0,0,0,0,0,0,0,0,0,0,0
521,disast_plan,3,0,0,0,0,0,0,0,0,0,0,0,0,0,0,0,0
522,emerg_medicin,2,0,0,0,0,0,0,0,0,0,0,0,0,0,0,0,0
523,cloud_comput,2,0,0,0,0,0,0,0,0,0,0,0,0,0,0,0,0
524,qualiti_of_servic_qos,2,0,0,0,0,0,0,0,0,0,0,0,0,0,0,0,0
525,service_ori_architectur_soa,2,0,0,0,0,0,0,0,0,0,0,0,0,0,0,0,0
526,big_data,2,0,0,0,0,0,0,0,0,0,0,0,0,0,0,0,0
527,spatiotempor_pattern,2,0,0,0,0,0,0,0,0,0,0,0,0,0,0,0,0
528,land_chang,11,0,0,0,0,0,0,0,0,0,0,0,0,0,0,0,0
529,sustain,76,1,0,0,1,1,1,1,1,1,0,0,0,0,1,1,1
530,hydrolog_hazard,11,0,0,0,0,0,0,0,0,0,0,0,0,0,0,0,0
531,community_bas_participatori_research,1,0,0,0,0,0,0,0,0,0,0,0,0,0,0,0,0
532,photovoic,1,0,0,0,0,0,0,0,0,0,0,0,0,0,0,0,0
533,noaa,0,0,0,0,0,0,0,0,0,0,0,0,0,0,0,0,0
534,coastal_resili,0,0,0,0,0,0,0,0,0,0,0,0,0,0,0,0,0
535,ocean_observ,0,0,0,0,0,0,0,0,0,0,0,0,0,0,0,0,0
536,data_collect,0,0,0,0,0,0,0,0,0,0,0,0,0,0,0,0,0
537,data_fusion,0,0,0,0,0,0,0,0,0,0,0,0,0,0,0,0,0
538,grid_popul,0,0,0,0,0,0,0,0,0,0,0,0,0,0,0,0,0
539,hebei_provinc,0,0,0,0,0,0,0,0,0,0,0,0,0,0,0,0,0
540,multi_factor_fusion,0,0,0,0,0,0,0,0,0,0,0,0,0,0,0,0,0
541,partial_correl_coeffici,0,0,0,0,0,0,0,0,0,0,0,0,0,0,0,0,0
542,north_anatolian_fault,8,0,0,0,0,0,0,0,0,0,0,0,0,0,0,0,0
543,age_wood_pole,1,0,0,0,0,0,0,0,0,0,0,0,0,0,0,0,0
544,arcmap,1,0,0,0,0,0,0,0,0,0,0,0,0,0,0,0,0
545,asset_manag,1,0,0,0,0,0,0,0,0,0,0,0,0,0,0,0,0
546,databas_manag,1,0,0,0,0,0,0,0,0,0,0,0,0,0,0,0,0
547,failur_probabl,1,0,0,0,0,0,0,0,0,0,0,0,0,0,0,0,0
548,pole_inspect,1,0,0,0,0,0,0,0,0,0,0,0,0,0,0,0,0
549,temporal_spati_pattern,4,0,0,0,0,0,0,0,0,0,0,0,0,0,0,0,0
550,chronic_hepat_b,10,0,0,0,0,0,0,0,0,0,0,0,0,0,0,0,0
551,cirrhosi_complic,10,0,0,0,0,0,0,0,0,0,0,0,0,0,0,0,0
552,cirrhosi,10,0,0,0,0,0,0,0,0,0,0,0,0,0,0,0,0
553,insulin,10,0,0,0,0,0,0,0,0,0,0,0,0,0,0,0,0
554,liver_rel_mortal,10,0,0,0,0,0,0,0,0,0,0,0,0,0,0,0,0
555,sulphonylurea,10,0,0,0,0,0,0,0,0,0,0,0,0,0,0,0,0
556,type_2_diabet_mellitus,10,0,0,0,0,0,0,0,0,0,0,0,0,0,0,0,0
557,spatiotempor_semant_inform_retriev,2,0,0,0,0,0,0,0,0,0,0,0,0,0,0,0,0
558,natur_languag_process,2,0,0,0,0,0,0,0,0,0,0,0,0,0,0,0,0
559,hazard_ontolog,2,0,0,0,0,0,0,0,0,0,0,0,0,0,0,0,0
560,gazett,2,0,0,0,0,0,0,0,0,0,0,0,0,0,0,0,0
561,popul_project,4,0,0,0,0,0,0,0,0,0,0,0,0,0,0,0,0
562,popul_distribut,4,0,0,0,0,0,0,0,0,0,0,0,0,0,0,0,0
563,landscan,4,0,0,0,0,0,0,0,0,0,0,0,0,0,0,0,0
564,high_resolut_popul,4,0,0,0,0,0,0,0,0,0,0,0,0,0,0,0,0
565,andes,1,0,0,0,0,0,0,0,0,0,0,0,0,0,0,0,0
566,digit_elev_model,1,0,0,0,0,0,0,0,0,0,0,0,0,0,0,0,0
567,global_posit_system,22,0,0,0,0,0,0,0,0,0,0,0,0,0,0,0,0
568,highland,1,0,0,0,0,0,0,0,0,0,0,0,0,0,0,0,0
569,peru,84,0,1,1,0,1,0,1,0,0,0,0,0,0,0,0,0
570,saratel_catchment,1,0,0,0,0,0,0,0,0,0,0,0,0,0,0,0,0
571,hec_ra,1,0,0,0,0,0,0,0,0,0,0,0,0,0,0,0,0
572,joseni,1,0,0,0,0,0,0,0,0,0,0,0,0,0,0,0,0
573,exceed_probabl,10,1,0,0,1,0,1,1,1,1,1,0,0,0,1,1,1
574,forest_fire_map,9,0,0,0,0,0,0,0,0,0,0,0,0,0,0,0,0
575,shannon_entropi,9,0,0,0,0,0,0,0,0,0,0,0,0,0,0,0,0
576,minudasht_forest,9,0,0,0,0,0,0,0,0,0,0,0,0,0,0,0,0
577,tornado,10,0,0,0,0,0,0,0,0,0,0,0,0,0,0,0,0
578,wind_damag,9,0,0,0,0,0,0,0,0,0,0,0,0,0,0,0,0
579,wind_speed,9,0,0,0,0,0,0,0,0,0,0,0,0,0,0,0,0
580,hazard_analysi,10,0,0,0,0,0,0,0,0,0,0,0,0,0,0,0,0
581,underground_space_develop,2,0,0,0,0,0,0,0,0,0,0,0,0,0,0,0,0
582,geoenvironment_hazard,2,0,0,0,0,0,0,0,0,0,0,0,0,0,0,0,0
583,earth_system_scienc,2,0,0,0,0,0,0,0,0,0,0,0,0,0,0,0,0
584,prevent_and_control_measur,2,0,0,0,0,0,0,0,0,0,0,0,0,0,0,0,0
585,shanghai,19,0,0,0,0,0,0,0,0,0,0,0,0,0,0,0,0
586,terengganu_watersh,16,2,0,0,0,0,2,2,2,2,2,2,2,0,2,2,2
587,composit_indic,18,1,0,0,1,0,1,1,1,1,1,0,0,0,1,1,1
588,resili_measur,10,0,0,0,0,0,0,0,0,0,0,0,0,0,0,0,0
589,recoveri,10,0,0,0,0,0,0,0,0,0,0,0,0,0,0,0,0
590,develop_countri,24,0,1,1,0,1,0,1,0,0,0,0,0,0,0,0,0
591,ocean_hazard,2,0,0,0,0,0,0,0,0,0,0,0,0,0,0,0,0
592,environment_impact,2,0,0,0,0,0,0,0,0,0,0,0,0,0,0,0,0
593,coastal_zone_manag,22,0,0,0,0,0,0,0,0,0,0,0,0,0,0,0,0
594,risk_awar,2,0,0,0,0,0,0,0,0,0,0,0,0,0,0,0,0
595,disast_prepared,2,0,0,0,0,0,0,0,0,0,0,0,0,0,0,0,0
596,food_secur,2,0,0,0,0,0,0,0,0,0,0,0,0,0,0,0,0
597,hiv_and_aid,2,0,0,0,0,0,0,0,0,0,0,0,0,0,0,0,0
598,namibia,2,0,0,0,0,0,0,0,0,0,0,0,0,0,0,0,0
599,geopark,3,0,0,0,0,0,0,0,0,0,0,0,0,0,0,0,0
600,anthropogen_geomorpholog,3,0,0,0,0,0,0,0,0,0,0,0,0,0,0,0,0
601,geomorpholog_hazard,10,0,1,1,1,1,0,1,0,0,0,0,0,0,1,1,1
602,neotecton,3,0,0,0,0,0,0,0,0,0,0,0,0,0,0,0,0
603,apuan_alp,3,0,0,0,0,0,0,0,0,0,0,0,0,0,0,0,0
604,predict_model,143,0,0,13,0,13,0,13,0,0,0,0,0,0,0,0,0
605,caribbean,8,0,0,1,0,1,0,1,0,0,0,0,0,0,0,0,0
606,pacif,1,0,0,0,0,0,0,0,0,0,0,0,0,0,0,0,0
607,urban_poor,1,0,0,0,0,0,0,0,0,0,0,0,0,0,0,0,0
608,slum,1,0,0,0,0,0,0,0,0,0,0,0,0,0,0,0,0
609,disast_risk_resili,1,0,0,0,0,0,0,0,0,0,0,0,0,0,0,0,0
610,urban_manag,1,0,0,0,0,0,0,0,0,0,0,0,0,0,0,0,0
611,plan,1,0,0,0,0,0,0,0,0,0,0,0,0,0,0,0,0
612,veget_degrad,0,0,0,0,0,0,0,0,0,0,0,0,0,0,0,0,0
613,hazard_map,32,1,0,0,0,0,1,1,1,1,1,1,0,0,1,1,1
614,dpsir,0,0,0,0,0,0,0,0,0,0,0,0,0,0,0,0,0
615,debris_laden_slope,1,0,0,0,0,0,0,0,0,0,0,0,0,0,0,0,0
616,torrenti_rainfal,1,0,0,0,0,0,0,0,0,0,0,0,0,0,0,0,0
617,ism,1,0,0,0,0,0,0,0,0,0,0,0,0,0,0,0,0
618,cumulonimbus_convect,1,0,0,0,0,0,0,0,0,0,0,0,0,0,0,0,0
619,orograph_forc,1,0,0,0,0,0,0,0,0,0,0,0,0,0,0,0,0
620,anthropogen_intervent,1,0,0,0,0,0,0,0,0,0,0,0,0,0,0,0,0
621,flood_prone_area,13,2,0,0,0,0,2,2,2,2,2,2,2,0,2,2,2
622,fuzzi_analyt_hierarchi_process_fahp,13,2,0,0,0,0,2,2,2,2,2,2,2,0,2,2,2
623,cluster_techniqu,13,2,0,0,0,0,2,2,2,2,2,2,2,0,2,2,2
624,limit_equilibrium_method,3,1,0,0,0,0,1,1,1,1,1,1,1,0,1,1,1
625,drawdown,3,1,0,0,0,0,1,1,1,1,1,1,1,0,1,1,1
626,river_level_fluctuat,3,1,0,0,0,0,1,1,1,1,1,1,1,0,1,1,1
627,evapor,3,1,0,0,0,0,1,1,1,1,1,1,1,0,1,1,1
628,rainfal,112,1,0,3,0,3,1,4,1,1,1,1,1,0,1,1,1
629,soil_suction,3,1,0,0,0,0,1,1,1,1,1,1,1,0,1,1,1
630,distribut_function,3,0,0,0,0,0,0,0,0,0,0,0,0,0,0,0,0
631,magnitud_distribut,3,0,0,0,0,0,0,0,0,0,0,0,0,0,0,0,0
632,general_truncat_exponenti_distribut,3,0,0,0,0,0,0,0,0,0,0,0,0,0,0,0,0
633,aic,3,0,0,0,0,0,0,0,0,0,0,0,0,0,0,0,0
634,coast,2,0,0,0,0,0,0,0,0,0,0,0,0,0,0,0,0
635,cyclon_aila,2,0,0,0,0,0,0,0,0,0,0,0,0,0,0,0,0
636,expos_asset,2,1,0,0,0,0,1,1,1,1,1,1,0,0,1,1,1
637,urban_produc_capit,2,1,0,0,0,0,1,1,1,1,1,1,0,0,1,1,1
638,popul,83,1,0,0,0,0,1,1,1,1,1,1,0,0,1,1,1
639,gar,2,1,0,0,0,0,1,1,1,1,1,1,0,0,1,1,1
640,downscal,2,1,0,0,0,0,1,1,1,1,1,1,0,0,1,1,1
641,cutan_leishmaniasi,3,0,0,0,0,0,0,0,0,0,0,0,0,0,0,0,0
642,leishmania_major,3,0,0,0,0,0,0,0,0,0,0,0,0,0,0,0,0
643,leishmania_killicki,3,0,0,0,0,0,0,0,0,0,0,0,0,0,0,0,0
644,risk_map,4,0,0,0,0,0,0,0,0,0,0,0,0,0,0,0,0
645,social_vulner_index,14,2,0,0,2,0,2,2,2,2,2,0,0,0,2,2,2
646,elder,18,2,0,0,2,2,2,2,2,2,0,0,0,0,2,2,2
647,hong_kong,12,0,0,18,0,18,0,18,0,0,0,0,0,0,0,0,0
648,new_york_citi,3,0,0,0,0,0,0,0,0,0,0,0,0,0,0,0,0
649,crisi_2007,2,0,0,0,0,0,0,0,0,0,0,0,0,0,0,0,0
650,hazus,10,0,0,0,0,0,0,0,0,0,0,0,0,0,0,0,0
651,fragil,2,0,0,0,0,0,0,0,0,0,0,0,0,0,0,0,0
652,morphometri,3,0,0,0,0,0,0,0,0,0,0,0,0,0,0,0,0
653,soil_eros_suscept,3,0,0,0,0,0,0,0,0,0,0,0,0,0,0,0,0
654,aster,12,0,0,0,0,0,0,0,0,0,0,0,0,0,0,0,0
655,ir_liss_iii,3,0,0,0,0,0,0,0,0,0,0,0,0,0,0,0,0
656,kashmir_himalaya,3,0,0,0,0,0,0,0,0,0,0,0,0,0,0,0,0
657,underground_mine,8,0,0,0,0,0,0,0,0,0,0,0,0,0,0,0,0
658,build_site_categori,8,0,0,0,0,0,0,0,0,0,0,0,0,0,0,0,0
659,subsid_basin,8,0,0,0,0,0,0,0,0,0,0,0,0,0,0,0,0
660,petrvald_czech_republ,8,0,0,0,0,0,0,0,0,0,0,0,0,0,0,0,0
661,port_vulner,4,1,0,0,0,0,1,1,1,1,1,1,0,0,1,1,1
662,flood_disast,25,2,0,0,0,0,2,2,2,2,2,2,0,0,2,2,2
663,improv_set_pair_analysi,10,0,0,0,0,0,0,0,0,0,0,0,0,0,0,0,0
664,variabl_fuzzi_set_theori,10,0,0,0,0,0,0,0,0,0,0,0,0,0,0,0,0
665,central_liaon_provinc,10,0,0,0,0,0,0,0,0,0,0,0,0,0,0,0,0
666,disast_respons,1,0,0,0,0,0,0,0,0,0,0,0,0,0,0,0,0
667,victoria,1,0,0,0,0,0,0,0,0,0,0,0,0,0,0,0,0
668,british_columbia,1,0,0,0,0,0,0,0,0,0,0,0,0,0,0,0,0
669,environment_educ,1,0,0,0,0,0,0,0,0,0,0,0,0,0,0,0,0
670,kosovo,1,0,0,0,0,0,0,0,0,0,0,0,0,0,0,0,0
671,high_school,1,0,0,0,0,0,0,0,0,0,0,0,0,0,0,0,0
672,educ_for_sustain_develop,1,0,0,0,0,0,0,0,0,0,0,0,0,0,0,0,0
673,binghamton_geomorpholog_symposium,3,0,0,0,0,0,0,0,0,0,0,0,0,0,0,0,0
674,histori_of_geomorpholog,3,0,0,0,0,0,0,0,0,0,0,0,0,0,0,0,0
675,gender,15,0,0,0,0,0,0,0,0,0,0,0,0,0,0,0,0
676,academ_affili,3,0,0,0,0,0,0,0,0,0,0,0,0,0,0,0,0
677,menopaus,22,0,0,0,0,0,0,0,0,0,0,0,0,0,0,0,0
678,smoke,22,0,0,0,0,0,0,0,0,0,0,0,0,0,0,0,0
679,bodi_mass_index,22,0,0,0,0,0,0,0,0,0,0,0,0,0,0,0,0
680,physic_activ,22,0,0,0,0,0,0,0,0,0,0,0,0,0,0,0,0
681,socioeconom_factor,22,0,0,0,0,0,0,0,0,0,0,0,0,0,0,0,0
682,systemat_review,22,0,0,0,0,0,0,0,0,0,0,0,0,0,0,0,0
683,meta_analysi,22,0,0,0,0,0,0,0,0,0,0,0,0,0,0,0,0
684,fault_zone,3,0,0,0,0,0,0,0,0,0,0,0,0,0,0,0,0
685,park,3,0,0,0,0,0,0,0,0,0,0,0,0,0,0,0,0
686,regul,3,0,0,0,0,0,0,0,0,0,0,0,0,0,0,0,0
687,soil_slope,0,0,0,0,0,0,0,0,0,0,0,0,0,0,0,0,0
688,acoust_emiss,0,0,0,0,0,0,0,0,0,0,0,0,0,0,0,0,0
689,hidden_markov_model,0,0,0,0,0,0,0,0,0,0,0,0,0,0,0,0,0
690,poisson_process,0,0,0,0,0,0,0,0,0,0,0,0,0,0,0,0,0
691,em_algorithm,0,0,0,0,0,0,0,0,0,0,0,0,0,0,0,0,0
692,bilecik,0,0,0,0,0,0,0,0,0,0,0,0,0,0,0,0,0
693,build,18,0,0,0,0,0,0,0,0,0,0,0,0,0,0,0,0
694,lahar,1,0,0,0,0,0,0,0,0,0,0,0,0,0,0,0,0
695,aquat_toxic,12,0,0,0,0,0,0,0,0,0,0,0,0,0,0,0,0
696,frack,12,0,0,0,0,0,0,0,0,0,0,0,0,0,0,0,0
697,water_qu_stressor,12,0,0,0,0,0,0,0,0,0,0,0,0,0,0,0,0
698,ecolog_risk_assess,12,0,0,0,0,0,0,0,0,0,0,0,0,0,0,0,0
699,adapt,182,2,3,3,2,3,2,5,2,2,2,0,0,0,2,2,2
700,geographi,18,0,0,0,0,0,0,0,0,0,0,0,0,0,0,0,0
701,vulner_matrix,7,0,0,0,0,0,0,0,0,0,0,0,0,0,0,0,0
702,russia,5,0,0,0,0,0,0,0,0,0,0,0,0,0,0,0,0
703,distribut_and_divers_of_natural_foc_diseas,5,0,0,0,0,0,0,0,0,0,0,0,0,0,0,0,0
704,spatiotempor_dynam,5,0,0,0,0,0,0,0,0,0,0,0,0,0,0,0,0
705,medico_geograph_atlas,5,0,0,0,0,0,0,0,0,0,0,0,0,0,0,0,0
706,health_promot,2,0,0,0,0,0,0,0,0,0,0,0,0,0,0,0,0
707,health_outcom,2,0,0,0,0,0,0,0,0,0,0,0,0,0,0,0,0
708,prevent,4,1,0,0,0,0,1,1,1,1,1,1,0,0,1,1,1
709,integr_disast_resili,2,0,0,0,0,0,0,0,0,0,0,0,0,0,0,0,0
710,self_manag,2,0,0,0,0,0,0,0,0,0,0,0,0,0,0,0,0
711,veget_regener,8,0,0,0,0,0,0,0,0,0,0,0,0,0,0,0,0
712,landsat_tm,8,0,0,0,0,0,0,0,0,0,0,0,0,0,0,0,0
713,fire,109,0,1,1,1,1,0,1,0,0,0,0,0,0,1,0,0
714,aster_dem,8,0,0,0,0,0,0,0,0,0,0,0,0,0,0,0,0
715,greec,11,0,0,0,0,0,0,0,0,0,0,0,0,0,0,0,0
716,demographic_econom_indic,1,1,0,0,0,0,1,1,1,1,1,1,0,0,1,1,1
717,serbia,15,3,0,0,0,0,3,3,3,3,3,3,0,0,3,3,3
718,space_tim_inform_represent,6,0,0,0,0,0,0,0,0,0,0,0,0,0,0,0,0
719,sustain_system,6,0,0,0,0,0,0,0,0,0,0,0,0,0,0,0,0
720,ontolog,6,0,0,0,0,0,0,0,0,0,0,0,0,0,0,0,0
721,metal,13,0,0,0,0,0,0,0,0,0,0,0,0,0,0,0,0
722,spatial_distribut,13,0,0,0,0,0,0,0,0,0,0,0,0,0,0,0,0
723,health_risk,14,0,0,0,0,0,0,0,0,0,0,0,0,0,0,0,0
724,dust,13,0,0,0,0,0,0,0,0,0,0,0,0,0,0,0,0
725,nurseri,13,0,0,0,0,0,0,0,0,0,0,0,0,0,0,0,0
726,primari_school,25,1,0,0,0,0,1,1,1,1,1,1,0,0,1,1,1
727,transport,10,0,0,0,0,0,0,0,0,0,0,0,0,0,0,0,0
728,dendrochronolog,7,0,0,0,0,0,0,0,0,0,0,0,0,0,0,0,0
729,fire_weather,18,1,0,0,1,1,1,1,1,1,0,0,0,0,1,1,1
730,determin_of_plant_communiti_divers_and_structur,7,0,0,0,0,0,0,0,0,0,0,0,0,0,0,0,0
731,scandinavia,7,0,0,0,0,0,0,0,0,0,0,0,0,0,0,0,0
732,fire_risk,18,1,0,0,1,1,1,1,1,1,0,0,0,0,1,1,1
733,natur_disturb,19,1,0,0,1,1,1,1,1,1,0,0,0,0,1,1,1
734,climat_variat,18,1,0,0,1,1,1,1,1,1,0,0,0,0,1,1,1
735,geograph_weight_logist_regress_gwlr,3,0,0,0,0,0,0,0,0,0,0,0,0,0,0,0,0
736,spatial_analysi,16,0,0,0,0,0,0,0,0,0,0,0,0,0,0,0,0
737,landslid_suscept_map,53,1,0,0,0,0,1,1,1,1,1,1,0,0,1,1,1
738,ground_movement,1,0,0,0,0,0,0,0,0,0,0,0,0,0,0,0,0
739,natur_park,1,0,0,0,0,0,0,0,0,0,0,0,0,0,0,0,0
740,explos_erupt,2,0,0,0,0,0,0,0,0,0,0,0,0,0,0,0,0
741,tempor_analysi,2,0,0,0,0,0,0,0,0,0,0,0,0,0,0,0,0
742,territori_system,2,0,0,0,0,0,0,0,0,0,0,0,0,0,0,0,0
743,map_collect,1,0,0,0,0,0,0,0,0,0,0,0,0,0,0,0,0
744,map_chrono_spati_data,1,0,0,0,0,0,0,0,0,0,0,0,0,0,0,0,0
745,past_event,1,0,0,0,0,0,0,0,0,0,0,0,0,0,0,0,0
746,lava_flow,1,0,0,0,0,0,0,0,0,0,0,0,0,0,0,0,0
747,volcan_hazard,69,0,0,4,0,4,0,4,0,0,0,0,0,0,0,0,0
748,rural_hous,6,2,0,0,0,0,2,2,2,2,2,2,0,0,2,2,2
749,3s_technolog,6,2,0,0,0,0,2,2,2,2,2,2,0,0,2,2,2
750,eros,44,4,0,0,4,4,4,4,4,0,0,0,0,0,4,4,4
751,denud,3,0,0,0,0,0,0,0,0,0,0,0,0,0,0,0,0
752,mass_wast,3,0,0,0,0,0,0,0,0,0,0,0,0,0,0,0,0
753,tierra_blanca_joven,3,0,0,0,0,0,0,0,0,0,0,0,0,0,0,0,0
754,unsatur,3,0,0,0,0,0,0,0,0,0,0,0,0,0,0,0,0
755,integr_risk_zone,6,1,0,0,0,0,1,1,1,1,1,1,0,0,1,1,1
756,drought_and_waterlog_disast,6,1,0,0,0,0,1,1,1,1,1,1,0,0,1,1,1
757,fuzzi_comprehens_evalu,6,1,0,0,0,0,1,1,1,1,1,1,0,0,1,1,1
758,anhui,6,1,0,0,0,0,1,1,1,1,1,1,0,0,1,1,1
759,soil_eros,15,0,0,0,0,0,0,0,0,0,0,0,0,0,0,0,0
760,rusl,15,0,0,0,0,0,0,0,0,0,0,0,0,0,0,0,0
761,caijiamiao_watersh,15,0,0,0,0,0,0,0,0,0,0,0,0,0,0,0,0
762,storm_surg,24,0,0,0,0,0,0,0,0,0,0,0,0,0,0,0,0
763,bottom_friction,7,0,0,0,0,0,0,0,0,0,0,0,0,0,0,0,0
764,model_uncertainti,7,0,0,0,0,0,0,0,0,0,0,0,0,0,0,0,0
765,open_space,9,0,0,0,0,0,0,0,0,0,0,0,0,0,0,0,0
766,critic_infrastructur,17,0,0,0,0,0,0,0,0,0,0,0,0,0,0,0,0
767,geograph_healthcar,11,0,0,0,0,0,0,0,0,0,0,0,0,0,0,0,0
768,interdepend,11,0,0,0,0,0,0,0,0,0,0,0,0,0,0,0,0
769,interdepend_measur,11,0,0,0,0,0,0,0,0,0,0,0,0,0,0,0,0
770,risk_formul,11,0,0,0,0,0,0,0,0,0,0,0,0,0,0,0,0
771,structur_complex,11,0,0,0,0,0,0,0,0,0,0,0,0,0,0,0,0
772,interconnect,11,0,0,0,0,0,0,0,0,0,0,0,0,0,0,0,0
773,ensembl_model,45,1,0,0,0,0,1,1,1,1,1,1,0,0,1,1,1
774,south_korea,45,1,0,0,0,0,1,1,1,1,1,1,0,0,1,1,1
775,genet_program,19,0,0,0,0,0,0,0,0,0,0,0,0,0,0,0,0
776,artifici_neural_network,74,2,0,0,1,0,2,2,2,2,2,1,0,0,2,2,2
777,zonouz_plain,19,0,0,0,0,0,0,0,0,0,0,0,0,0,0,0,0
778,environment_anthropolog,2,0,0,0,0,0,0,0,0,0,0,0,0,0,0,0,0
779,participatori_map,30,3,3,0,3,3,3,3,0,0,0,0,0,0,3,3,3
780,switzerland,40,0,0,0,0,0,0,0,0,0,0,0,0,0,0,0,0
781,histor_remot_sens_data_interpret,0,0,0,0,0,0,0,0,0,0,0,0,0,0,0,0,0
782,digit_shorelin_analysi,0,0,0,0,0,0,0,0,0,0,0,0,0,0,0,0,0
783,beach_eros_rate,0,0,0,0,0,0,0,0,0,0,0,0,0,0,0,0,0
784,real_time_kinemat_rtk_gps_applic,0,0,0,0,0,0,0,0,0,0,0,0,0,0,0,0,0
785,geograph_analysi,7,1,0,0,1,1,1,1,1,1,0,0,0,0,1,1,1
786,latent_risk,1,0,0,0,0,0,0,0,0,0,0,0,0,0,0,0,0
787,toxic_chemic,1,0,0,0,0,0,0,0,0,0,0,0,0,0,0,0,0
788,earthquak_earli_warn,2,0,0,0,0,0,0,0,0,0,0,0,0,0,0,0,0
789,service_ori_architectur,2,0,0,0,0,0,0,0,0,0,0,0,0,0,0,0,0
790,nois_model,2,0,0,0,0,0,0,0,0,0,0,0,0,0,0,0,0
791,hazard_and_vulner_analysi_for_railway_line,2,0,0,0,0,0,0,0,0,0,0,0,0,0,0,0,0
792,seismic_risk,16,2,0,0,2,2,2,2,2,2,0,0,0,0,2,2,2
793,ground_motion,2,0,0,0,0,0,0,0,0,0,0,0,0,0,0,0,0
794,liquefact,16,0,4,4,0,4,0,4,0,0,0,0,0,0,0,0,0
795,inventori,2,0,0,0,0,0,0,0,0,0,0,0,0,0,0,0,0
796,calabria,50,1,0,0,0,0,1,1,1,1,1,1,0,0,1,1,1
797,synthet_apertur_radar_sar,2,0,0,0,0,0,0,0,0,0,0,0,0,0,0,0,0
798,sar_interferometri_insar,2,0,0,0,0,0,0,0,0,0,0,0,0,0,0,0,0
799,differenti_sar_interferometri_dinsar,2,0,0,0,0,0,0,0,0,0,0,0,0,0,0,0,0
800,small_baselin_subset_sbas,2,0,0,0,0,0,0,0,0,0,0,0,0,0,0,0,0
801,himalayan_frontal_fault_hff,2,0,0,0,0,0,0,0,0,0,0,0,0,0,0,0,0
802,educ_system,2,1,0,0,0,0,1,1,1,1,1,1,0,0,1,1,1
803,geographi_teach,2,1,0,0,0,0,1,1,1,1,1,1,0,0,1,1,1
804,knowledg_transfer,2,1,0,0,0,0,1,1,1,1,1,1,0,0,1,1,1
805,infov,0,0,0,0,0,0,0,0,0,0,0,0,0,0,0,0,0
806,normalis_burn_ratio,0,0,0,0,0,0,0,0,0,0,0,0,0,0,0,0,0
807,multi_risk_assess,2,0,0,0,0,0,0,0,0,0,0,0,0,0,0,0,0
808,spatiotempor_approach,2,0,0,0,0,0,0,0,0,0,0,0,0,0,0,0,0
809,philippin,2,0,0,0,0,0,0,0,0,0,0,0,0,0,0,0,0
810,likelihood_ratio,1,0,0,0,0,0,0,0,0,0,0,0,0,0,0,0,0
811,adapt_capac,19,0,0,0,0,0,0,0,0,0,0,0,0,0,0,0,0
812,differenti_vulner,12,0,0,0,0,0,0,0,0,0,0,0,0,0,0,0,0
813,educ,12,0,0,0,0,0,0,0,0,0,0,0,0,0,0,0,0
814,human_capit,12,0,0,0,0,0,0,0,0,0,0,0,0,0,0,0,0
815,post_disast_reconstruct,0,0,0,0,0,0,0,0,0,0,0,0,0,0,0,0,0
816,assembl_hous,0,0,0,0,0,0,0,0,0,0,0,0,0,0,0,0,0
817,build_model,0,0,0,0,0,0,0,0,0,0,0,0,0,0,0,0,0
818,construct_project,0,0,0,0,0,0,0,0,0,0,0,0,0,0,0,0,0
819,transit_hous,0,0,0,0,0,0,0,0,0,0,0,0,0,0,0,0,0
820,precipit,9,0,0,0,0,0,0,0,0,0,0,0,0,0,0,0,0
821,urban_develop,9,0,0,0,0,0,0,0,0,0,0,0,0,0,0,0,0
822,oregon,9,0,0,0,0,0,0,0,0,0,0,0,0,0,0,0,0
823,hec_hm,9,0,0,0,0,0,0,0,0,0,0,0,0,0,0,0,0
824,urban_environment_qualiti_ueq,5,0,0,0,0,0,0,0,0,0,0,0,0,0,0,0,0
825,physic_and_built_environ,5,0,0,0,0,0,0,0,0,0,0,0,0,0,0,0,0
826,port_au_princ,5,0,0,0,0,0,0,0,0,0,0,0,0,0,0,0,0
827,develop,5,0,0,0,0,0,0,0,0,0,0,0,0,0,0,0,0
828,system_theori,5,0,0,0,0,0,0,0,0,0,0,0,0,0,0,0,0
829,context,5,0,0,0,0,0,0,0,0,0,0,0,0,0,0,0,0
830,multi_hazard,1,0,0,0,0,0,0,0,0,0,0,0,0,0,0,0,0
831,shelter_capac,1,0,0,0,0,0,0,0,0,0,0,0,0,0,0,0,0
832,tele,1,0,0,0,0,0,0,0,0,0,0,0,0,0,0,0,0
833,geostatist_method,12,1,0,0,0,0,1,1,1,1,1,1,0,0,1,1,1
834,hazard_of_place,1,0,0,0,0,0,0,0,0,0,0,0,0,0,0,0,0
835,sea_level_rise,59,3,3,0,3,3,3,3,0,0,0,0,0,0,3,3,3
836,hyperspectr_remot_sens,19,0,0,0,0,0,0,0,0,0,0,0,0,0,0,0,0
837,genet_algorithm,22,1,0,0,1,0,1,1,1,1,1,0,0,0,1,1,1
838,bark_beetl_infest,19,0,0,0,0,0,0,0,0,0,0,0,0,0,0,0,0
839,svm_classif,19,0,0,0,0,0,0,0,0,0,0,0,0,0,0,0,0
840,featur_select,19,0,0,0,0,0,0,0,0,0,0,0,0,0,0,0,0
841,tree_mortal_map,19,0,0,0,0,0,0,0,0,0,0,0,0,0,0,0,0
842,agricultur_drought,16,0,0,0,0,0,0,0,0,0,0,0,0,0,0,0,0
843,meteorolog_drought,16,0,0,0,0,0,0,0,0,0,0,0,0,0,0,0,0
844,gis_and_remot_sens,16,0,0,0,0,0,0,0,0,0,0,0,0,0,0,0,0
845,canakkal_citi,0,0,0,0,0,0,0,0,0,0,0,0,0,0,0,0,0
846,disast_risk_analysi,0,0,0,0,0,0,0,0,0,0,0,0,0,0,0,0,0
847,physic_vulner,0,0,0,0,0,0,0,0,0,0,0,0,0,0,0,0,0
848,sustain_communiti,0,0,0,0,0,0,0,0,0,0,0,0,0,0,0,0,0
849,social_vulner_indic,11,1,0,0,0,0,1,1,1,1,1,1,0,0,1,1,1
850,ao,0,0,0,0,0,0,0,0,0,0,0,0,0,0,0,0,0
851,gi,0,0,0,0,0,0,0,0,0,0,0,0,0,0,0,0,0
852,ip,0,0,0,0,0,0,0,0,0,0,0,0,0,0,0,0,0
853,trip,0,0,0,0,0,0,0,0,0,0,0,0,0,0,0,0,0
854,wto,0,0,0,0,0,0,0,0,0,0,0,0,0,0,0,0,0
855,ib,0,0,0,0,0,0,0,0,0,0,0,0,0,0,0,0,0
856,uspto,0,0,0,0,0,0,0,0,0,0,0,0,0,0,0,0,0
857,ppv_&_fra,0,0,0,0,0,0,0,0,0,0,0,0,0,0,0,0,0
858,glacial_lake_inventori,29,0,0,0,0,0,0,0,0,0,0,0,0,0,0,0,0
859,indian_himalaya,29,0,0,0,0,0,0,0,0,0,0,0,0,0,0,0,0
860,glacial_lake_outburst_flood_glof,29,0,0,0,0,0,0,0,0,0,0,0,0,0,0,0,0
861,scenario_model,46,0,0,0,0,0,0,0,0,0,0,0,0,0,0,0,0
862,basement,29,0,0,0,0,0,0,0,0,0,0,0,0,0,0,0,0
863,multi_hazard_risk_assess,9,1,0,0,1,0,1,1,1,1,1,0,0,0,1,1,1
864,inform_diffus_theori,9,1,0,0,1,0,1,1,1,1,1,0,0,0,1,1,1
865,human_life_loss,9,1,0,0,1,0,1,1,1,1,1,0,0,0,1,1,1
866,yangtz_river_delta,9,1,0,0,1,0,1,1,1,1,1,0,0,0,1,1,1
867,ensembl,49,5,0,0,5,0,5,5,5,5,5,0,0,0,5,5,5
868,remot_sens_rs,0,0,0,0,0,0,0,0,0,0,0,0,0,0,0,0,0
869,floodscap,0,0,0,0,0,0,0,0,0,0,0,0,0,0,0,0,0
870,piemont,0,0,0,0,0,0,0,0,0,0,0,0,0,0,0,0,0
871,space_mak,0,0,0,0,0,0,0,0,0,0,0,0,0,0,0,0,0
872,place_mak,0,0,0,0,0,0,0,0,0,0,0,0,0,0,0,0,0
873,induc_earthquak,15,0,0,0,0,0,0,0,0,0,0,0,0,0,0,0,0
874,inject_well,15,0,0,0,0,0,0,0,0,0,0,0,0,0,0,0,0
875,energi_polici,15,0,0,0,0,0,0,0,0,0,0,0,0,0,0,0,0
876,earthscop_usarray,15,0,0,0,0,0,0,0,0,0,0,0,0,0,0,0,0
877,transit,2,0,0,0,0,0,0,0,0,0,0,0,0,0,0,0,0
878,livelihood,23,0,0,0,0,0,0,0,0,0,0,0,0,0,0,0,0
879,participatori_rural_apprais,2,0,0,0,0,0,0,0,0,0,0,0,0,0,0,0,0
880,socio_ecolog_system,2,0,0,0,0,0,0,0,0,0,0,0,0,0,0,0,0
881,cross_valid,1,0,0,0,0,0,0,0,0,0,0,0,0,0,0,0,0
882,geoheritag_site,1,0,0,0,0,0,0,0,0,0,0,0,0,0,0,0,0
883,geoconserv,1,0,0,0,0,0,0,0,0,0,0,0,0,0,0,0,0
884,digit_technolog,1,0,0,0,0,0,0,0,0,0,0,0,0,0,0,0,0
885,terrestri_lidar,1,0,0,0,0,0,0,0,0,0,0,0,0,0,0,0,0
886,sediment_disast,3,1,0,0,1,0,1,1,1,1,1,0,0,0,1,1,1
887,genet_adapt_neural_network,3,1,0,0,1,0,1,1,1,1,1,0,0,0,1,1,1
888,satellit_imag_classif,3,1,0,0,1,0,1,1,1,1,1,0,0,0,1,1,1
889,princip_compon_analysi,80,1,5,5,6,5,1,6,1,1,1,0,0,0,6,6,1
890,flood_manag,30,3,0,0,3,0,3,3,3,3,3,0,0,0,3,3,3
891,flood_hazard_analysi,30,3,0,0,3,0,3,3,3,3,3,0,0,0,3,3,3
892,heurist,15,1,0,0,1,0,1,1,1,1,1,0,0,0,1,1,1
893,bivari_statist_index,15,1,0,0,1,0,1,1,1,1,1,0,0,0,1,1,1
894,nepal,15,1,0,0,1,0,1,1,1,1,1,0,0,0,1,1,1
895,salin,7,0,0,0,0,0,0,0,0,0,0,0,0,0,0,0,0
896,geochem_process,6,0,0,0,0,0,0,0,0,0,0,0,0,0,0,0,0
897,ionic_ratio,6,0,0,0,0,0,0,0,0,0,0,0,0,0,0,0,0
898,geochem_model,6,0,0,0,0,0,0,0,0,0,0,0,0,0,0,0,0
899,satur_index,6,0,0,0,0,0,0,0,0,0,0,0,0,0,0,0,0
900,gujarat,6,0,0,0,0,0,0,0,0,0,0,0,0,0,0,0,0
901,place,1,0,0,0,0,0,0,0,0,0,0,0,0,0,0,0,0
902,social_contact,1,0,0,0,0,0,0,0,0,0,0,0,0,0,0,0,0
903,urban_terror,1,0,0,0,0,0,0,0,0,0,0,0,0,0,0,0,0
904,vulner_awar,1,0,0,0,0,0,0,0,0,0,0,0,0,0,0,0,0
905,hazard_cours,3,0,3,3,3,3,0,3,0,0,0,0,0,0,3,3,3
906,coastal_storm,0,0,0,0,0,0,0,0,0,0,0,0,0,0,0,0,0
907,activ_learn,2,1,0,0,1,1,1,1,1,0,0,0,0,0,1,1,1
908,gis_applic,0,0,0,0,0,0,0,0,0,0,0,0,0,0,0,0,0
909,colleg_student,1,0,0,0,0,0,0,0,0,0,0,0,0,0,0,0,0
910,geograph_differ,1,0,0,0,0,0,0,0,0,0,0,0,0,0,0,0,0
911,gender_differ,1,0,0,0,0,0,0,0,0,0,0,0,0,0,0,0,0
912,feasibl_general_least_squar,0,0,0,0,0,0,0,0,0,0,0,0,0,0,0,0,0
913,natur_conjug_prior,0,0,0,0,0,0,0,0,0,0,0,0,0,0,0,0,0
914,non_inform_prior_estim,0,0,0,0,0,0,0,0,0,0,0,0,0,0,0,0,0
915,haiti_earthquak,1,0,0,0,0,0,0,0,0,0,0,0,0,0,0,0,0
916,intern_displac_person,1,0,0,0,0,0,0,0,0,0,0,0,0,0,0,0,0
917,logist_predict,1,0,0,0,0,0,0,0,0,0,0,0,0,0,0,0,0
918,idp_camp,1,0,0,0,0,0,0,0,0,0,0,0,0,0,0,0,0
919,catastroph,1,0,0,0,0,0,0,0,0,0,0,0,0,0,0,0,0
920,neocatastroph,1,0,0,0,0,0,0,0,0,0,0,0,0,0,0,0,0
921,disast_scienc,1,0,0,0,0,0,0,0,0,0,0,0,0,0,0,0,0
922,iczm,17,0,0,0,0,0,0,0,0,0,0,0,0,0,0,0,0
923,territori_plan,2,0,0,0,0,0,0,0,0,0,0,0,0,0,0,0,0
924,monothemat_index,2,0,0,0,0,0,0,0,0,0,0,0,0,0,0,0,0
925,synthet_index,2,0,0,0,0,0,0,0,0,0,0,0,0,0,0,0,0
926,sele_coastal_plain,2,0,0,0,0,0,0,0,0,0,0,0,0,0,0,0,0
927,southern_itali,2,0,0,0,0,0,0,0,0,0,0,0,0,0,0,0,0
928,coordin,4,0,0,0,0,0,0,0,0,0,0,0,0,0,0,0,0
929,denver,4,0,0,0,0,0,0,0,0,0,0,0,0,0,0,0,0
930,region_risk,4,0,0,0,0,0,0,0,0,0,0,0,0,0,0,0,0
931,seismic_awar,4,0,0,0,0,0,0,0,0,0,0,0,0,0,0,0,0
932,global_environment_justic,3,0,0,0,0,0,0,0,0,0,0,0,0,0,0,0,0
933,global_time,3,0,0,0,0,0,0,0,0,0,0,0,0,0,0,0,0
934,earth_process,3,0,0,0,0,0,0,0,0,0,0,0,0,0,0,0,0
935,coastal_hazard,3,0,0,0,0,0,0,0,0,0,0,0,0,0,0,0,0
936,coastal_manag,44,2,1,0,2,1,2,2,1,1,1,0,0,0,2,2,2
937,no_build_area,3,0,0,0,0,0,0,0,0,0,0,0,0,0,0,0,0
938,setback,3,0,0,0,0,0,0,0,0,0,0,0,0,0,0,0,0
939,shorefront,3,0,0,0,0,0,0,0,0,0,0,0,0,0,0,0,0
940,contextu_of_indic,11,2,0,0,2,0,2,2,2,2,2,0,0,0,2,2,2
941,factor_analysi,11,2,0,0,2,0,2,2,2,2,2,0,0,0,2,2,2
942,vulner_assess,29,3,0,0,3,2,3,3,3,3,1,0,0,0,3,3,3
943,oil_spill_pollut,8,1,0,0,1,0,1,1,1,1,1,0,0,0,1,1,1
944,portug,8,1,0,0,1,0,1,1,1,1,1,0,0,0,1,1,1
945,natur_risk,15,0,0,0,0,0,0,0,0,0,0,0,0,0,0,0,0
946,anthropogen_risk,11,0,0,0,0,0,0,0,0,0,0,0,0,0,0,0,0
947,satellit_imag,20,0,0,0,0,0,0,0,0,0,0,0,0,0,0,0,0
948,cultur_heritag_conserv,11,0,0,0,0,0,0,0,0,0,0,0,0,0,0,0,0
949,disast_risk_index,2,0,0,0,0,0,0,0,0,0,0,0,0,0,0,0,0
950,hazard_identif,2,0,0,0,0,0,0,0,0,0,0,0,0,0,0,0,0
951,participatori_risk_assess,2,0,0,0,0,0,0,0,0,0,0,0,0,0,0,0,0
952,coastal_area,2,0,0,0,0,0,0,0,0,0,0,0,0,0,0,0,0
953,physic_process_factor,40,2,0,0,2,0,2,2,2,2,2,0,0,0,2,2,2
954,natur_hazard_map,40,2,0,0,2,0,2,2,2,2,2,0,0,0,2,2,2
955,uncertainti,57,2,0,0,2,0,2,2,2,2,2,0,0,0,2,2,2
956,ecolog_manifest,1,0,0,0,0,0,0,0,0,0,0,0,0,0,0,0,0
957,slope_instabl_indic,1,0,0,0,0,0,0,0,0,0,0,0,0,0,0,0,0
958,alnus_nepalensi,1,0,0,0,0,0,0,0,0,0,0,0,0,0,0,0,0
959,habitat_affin,1,0,0,0,0,0,0,0,0,0,0,0,0,0,0,0,0
960,eco_friend_method,1,0,0,0,0,0,0,0,0,0,0,0,0,0,0,0,0
961,himalayan_region,1,0,0,0,0,0,0,0,0,0,0,0,0,0,0,0,0
962,extrem_precipit,10,0,0,0,0,0,0,0,0,0,0,0,0,0,0,0,0
963,popul_densiti,3,0,0,0,0,0,0,0,0,0,0,0,0,0,0,0,0
964,road_densiti,3,0,0,0,0,0,0,0,0,0,0,0,0,0,0,0,0
965,forest_fire_risk,15,1,0,0,1,0,1,1,1,1,1,0,0,0,1,1,1
966,structur_fire_index,15,1,0,0,1,0,1,1,1,1,1,0,0,0,1,1,1
967,fire_risk_index,15,1,0,0,1,0,1,1,1,1,1,0,0,0,1,1,1
968,hybrid_fire_index,15,1,0,0,1,0,1,1,1,1,1,0,0,0,1,1,1
969,decis_support_system,15,0,0,0,0,0,0,0,0,0,0,0,0,0,0,0,0
970,coastal_eros,43,1,1,0,1,1,1,1,0,0,0,0,0,0,1,1,1
971,vrs_base_dgps_survey,2,0,0,0,0,0,0,0,0,0,0,0,0,0,0,0,0
972,airborn_lidar_survey,2,0,0,0,0,0,0,0,0,0,0,0,0,0,0,0,0
973,3d_visual_analysi,2,0,0,0,0,0,0,0,0,0,0,0,0,0,0,0,0
974,ivan_gam,3,0,0,0,0,0,0,0,0,0,0,0,0,0,0,0,0
975,physic_geographi,3,0,0,0,0,0,0,0,0,0,0,0,0,0,0,0,0
976,geographi_of_natur_hazard,3,0,0,0,0,0,0,0,0,0,0,0,0,0,0,0,0
977,aftercar,2,1,0,0,1,0,1,1,1,1,1,0,0,0,1,1,1
978,chiswel,2,1,0,0,1,0,1,1,1,1,1,0,0,0,1,1,1
979,human_ecolog,2,1,0,0,1,0,1,1,1,1,1,0,0,0,1,1,1
980,permafrost,5,0,0,0,0,0,0,0,0,0,0,0,0,0,0,0,0
981,high_alpin_rockwal,5,0,0,0,0,0,0,0,0,0,0,0,0,0,0,0,0
982,network_of_observ,5,0,0,0,0,0,0,0,0,0,0,0,0,0,0,0,0
983,mont_blanc_massif,5,0,0,0,0,0,0,0,0,0,0,0,0,0,0,0,0
984,wildfir_vulner,2,0,0,0,0,0,0,0,0,0,0,0,0,0,0,0,0
985,unit_state_of_america,2,0,0,0,0,0,0,0,0,0,0,0,0,0,0,0,0
986,dea_model,11,0,0,0,0,0,0,0,0,0,0,0,0,0,0,0,0
987,classif,22,0,0,0,0,0,0,0,0,0,0,0,0,0,0,0,0
988,himalaya,45,0,0,0,0,0,0,0,0,0,0,0,0,0,0,0,0
989,chamoli_earthquak,3,0,0,0,0,0,0,0,0,0,0,0,0,0,0,0,0
990,percept,4,0,0,0,0,0,0,0,0,0,0,0,0,0,0,0,0
991,qualit_methodolog,4,0,0,0,0,0,0,0,0,0,0,0,0,0,0,0,0
992,photo_interview,4,0,0,0,0,0,0,0,0,0,0,0,0,0,0,0,0
993,unesco_world_heritag_site,4,0,0,0,0,0,0,0,0,0,0,0,0,0,0,0,0
994,protect_mountain_area,4,0,0,0,0,0,0,0,0,0,0,0,0,0,0,0,0
995,conserv,4,0,0,0,0,0,0,0,0,0,0,0,0,0,0,0,0
996,human_well_b,4,0,0,0,0,0,0,0,0,0,0,0,0,0,0,0,0
997,volcan_erupt,17,0,0,2,0,2,0,2,0,0,0,0,0,0,0,0,0
998,interev_time,4,0,0,0,0,0,0,0,0,0,0,0,0,0,0,0,0
999,tempor_scale,4,0,0,0,0,0,0,0,0,0,0,0,0,0,0,0,0
1000,log_norm_distribut,4,0,0,0,0,0,0,0,0,0,0,0,0,0,0,0,0
1001,movement_type,4,0,0,0,0,0,0,0,0,0,0,0,0,0,0,0,0
1002,topograph_attribut,4,0,0,0,0,0,0,0,0,0,0,0,0,0,0,0,0
1003,loess_catchment,4,0,0,0,0,0,0,0,0,0,0,0,0,0,0,0,0
1004,oil_spill,10,0,0,0,0,0,0,0,0,0,0,0,0,0,0,0,0
1005,oper_model,10,0,0,0,0,0,0,0,0,0,0,0,0,0,0,0,0
1006,decision_mak_tool,10,0,0,0,0,0,0,0,0,0,0,0,0,0,0,0,0
1007,morocco,5,0,0,0,0,0,0,0,0,0,0,0,0,0,0,0,0
1008,tetouan_coast,5,0,0,0,0,0,0,0,0,0,0,0,0,0,0,0,0
1009,headland_and_bay,5,0,0,0,0,0,0,0,0,0,0,0,0,0,0,0,0
1010,wave_energi,5,0,0,0,0,0,0,0,0,0,0,0,0,0,0,0,0
1011,human_impact,26,1,0,0,1,1,1,1,1,1,0,0,0,0,1,1,1
1012,morphodynam,5,0,0,0,0,0,0,0,0,0,0,0,0,0,0,0,0
1013,sediment_cell,5,0,0,0,0,0,0,0,0,0,0,0,0,0,0,0,0
1014,pacif_island,4,0,0,0,0,0,0,0,0,0,0,0,0,0,0,0,0
1015,least_develop_countri_fund_ldcf,4,0,0,0,0,0,0,0,0,0,0,0,0,0,0,0,0
1016,geolog_hazard,7,0,0,0,0,0,0,0,0,0,0,0,0,0,0,0,0
1017,prevent_and_manag_effici,1,0,0,0,0,0,0,0,0,0,0,0,0,0,0,0,0
1018,super_effici_dea_model,1,0,0,0,0,0,0,0,0,0,0,0,0,0,0,0,0
1019,us_mexico_border,0,0,0,0,0,0,0,0,0,0,0,0,0,0,0,0,0
1020,margin,0,0,0,0,0,0,0,0,0,0,0,0,0,0,0,0,0
1021,grassland_fire,5,0,0,0,0,0,0,0,0,0,0,0,0,0,0,0,0
1022,mgfri,5,0,0,0,0,0,0,0,0,0,0,0,0,0,0,0,0
1023,northern_china,5,0,0,0,0,0,0,0,0,0,0,0,0,0,0,0,0
1024,landslide_suscept_map,3,0,0,0,0,0,0,0,0,0,0,0,0,0,0,0,0
1025,region_plan,3,0,0,0,0,0,0,0,0,0,0,0,0,0,0,0,0
1026,matrix_assess,3,0,0,0,0,0,0,0,0,0,0,0,0,0,0,0,0
1027,coastal_vulner_index,91,2,2,0,2,2,2,2,0,0,0,0,0,0,2,2,2
1028,srtm_data,18,0,0,0,0,0,0,0,0,0,0,0,0,0,0,0,0
1029,chennai,18,0,0,0,0,0,0,0,0,0,0,0,0,0,0,0,0
1030,prison,2,2,0,0,2,2,2,2,2,2,0,0,0,0,2,2,2
1031,marginalis,1,1,0,0,1,1,1,1,1,1,0,0,0,0,1,1,1
1032,neural_network,89,6,1,1,7,7,6,7,6,6,0,0,0,0,7,6,6
1033,spatial_model,55,6,0,0,6,6,6,6,6,6,0,0,0,0,6,6,6
1034,johor,55,6,0,0,6,6,6,6,6,6,0,0,0,0,6,6,6
1035,hurrican_hazard,15,2,0,0,2,2,2,2,2,2,0,0,0,0,2,2,2
1036,florida,43,5,3,0,5,5,5,5,2,2,0,0,0,0,5,5,5
1037,urban_area,23,0,1,1,1,1,0,1,0,0,0,0,0,0,1,1,0
1038,capac,12,0,0,0,0,0,0,0,0,0,0,0,0,0,0,0,0
1039,spatial_multi_criteria_analysi,12,0,0,0,0,0,0,0,0,0,0,0,0,0,0,0,0
1040,risk_and_probabl_analysi,1,0,0,0,0,0,0,0,0,0,0,0,0,0,0,0,0
1041,earth_slump,1,0,0,0,0,0,0,0,0,0,0,0,0,0,0,0,0
1042,egirdir_turkey,1,0,0,0,0,0,0,0,0,0,0,0,0,0,0,0,0
1043,integr_hydrolog_hazard,4,1,0,0,1,1,1,1,1,1,0,0,0,0,1,1,1
1044,databas_manag_system,4,1,0,0,1,1,1,1,1,1,0,0,0,0,1,1,1
1045,geo_informat,38,1,1,1,2,2,1,2,1,1,0,0,0,0,2,1,1
1046,hydro_informat,4,1,0,0,1,1,1,1,1,1,0,0,0,0,1,1,1
1047,hazard_informat,4,1,0,0,1,1,1,1,1,1,0,0,0,0,1,1,1
1048,north_anatolian_fault_zone,8,1,0,0,1,1,1,1,1,1,0,0,0,0,1,1,1
1049,photogrammetri,30,1,1,1,2,2,1,2,1,1,0,0,0,0,2,2,2
1050,spatiotempor_analysi,8,1,0,0,1,1,1,1,1,1,0,0,0,0,1,1,1
1051,environment_histori,33,0,0,0,0,0,0,0,0,0,0,0,0,0,0,0,0
1052,hydromorpholog,33,0,0,0,0,0,0,0,0,0,0,0,0,0,0,0,0
1053,river_restor,33,0,0,0,0,0,0,0,0,0,0,0,0,0,0,0,0
1054,water_framework_direct,33,0,0,0,0,0,0,0,0,0,0,0,0,0,0,0,0
1055,social_vulner_assess,8,2,0,0,2,2,2,2,2,2,0,0,0,0,2,2,2
1056,geographi_of_risk,1,1,0,0,1,1,1,1,1,1,0,0,0,0,1,1,1
1057,polici_relev,1,1,0,0,1,1,1,1,1,1,0,0,0,0,1,1,1
1058,thessali,64,4,0,0,4,4,4,4,4,4,0,0,0,0,4,4,4
1059,central_greec,64,4,0,0,4,4,4,4,4,4,0,0,0,0,4,4,4
1060,multipl_criteria_analysi,8,0,0,0,0,0,0,0,0,0,0,0,0,0,0,0,0
1061,environ,62,0,1,1,1,1,0,1,0,0,0,0,0,0,1,1,1
1062,vulner_analysi,8,0,0,0,0,0,0,0,0,0,0,0,0,0,0,0,0
1063,terror,7,0,0,0,0,0,0,0,0,0,0,0,0,0,0,0,0
1064,avoid,7,0,0,0,0,0,0,0,0,0,0,0,0,0,0,0,0
1065,forest_fire_manag,9,0,0,0,0,0,0,0,0,0,0,0,0,0,0,0,0
1066,urban_dynam,4,0,0,0,0,0,0,0,0,0,0,0,0,0,0,0,0
1067,casual_tie,4,0,0,0,0,0,0,0,0,0,0,0,0,0,0,0,0
1068,model,120,0,0,0,0,0,0,0,0,0,0,0,0,0,0,0,0
1069,vancouv,15,0,1,1,1,1,0,1,0,0,0,0,0,0,1,1,0
1070,rural,17,0,0,0,0,0,0,0,0,0,0,0,0,0,0,0,0
1071,bushfir,120,0,0,5,0,5,0,5,0,0,0,0,0,0,0,0,0
1072,climat,7,0,0,0,0,0,0,0,0,0,0,0,0,0,0,0,0
1073,econom_growth,7,0,0,0,0,0,0,0,0,0,0,0,0,0,0,0,0
1074,hyogo,7,0,0,0,0,0,0,0,0,0,0,0,0,0,0,0,0
1075,infrastructur_system,7,0,0,0,0,0,0,0,0,0,0,0,0,0,0,0,0
1076,resili_invest,7,0,0,0,0,0,0,0,0,0,0,0,0,0,0,0,0
1077,risk_reduct,7,0,0,0,0,0,0,0,0,0,0,0,0,0,0,0,0
1078,provinci_fire_statist,11,1,0,0,1,1,1,1,1,1,0,0,0,0,1,1,1
1079,wildland_fire_risk,13,0,0,0,0,0,0,0,0,0,0,0,0,0,0,0,0
1080,southeastern_us,13,0,0,0,0,0,0,0,0,0,0,0,0,0,0,0,0
1081,geograph_weight_regress,17,0,5,5,5,5,0,5,0,0,0,0,0,0,5,5,0
1082,catchment,2,0,0,0,0,0,0,0,0,0,0,0,0,0,0,0,0
1083,hydrolog_remot_sens,2,0,0,0,0,0,0,0,0,0,0,0,0,0,0,0,0
1084,multipl_sclerosi,16,0,0,0,0,0,0,0,0,0,0,0,0,0,0,0,0
1085,prognosi,31,0,0,0,0,0,0,0,0,0,0,0,0,0,0,0,0
1086,disabl,16,0,0,0,0,0,0,0,0,0,0,0,0,0,0,0,0
1087,cognit_symptom,16,0,0,0,0,0,0,0,0,0,0,0,0,0,0,0,0
1088,mri,16,0,0,0,0,0,0,0,0,0,0,0,0,0,0,0,0
1089,lymphoma,15,0,0,0,0,0,0,0,0,0,0,0,0,0,0,0,0
1090,natur_killer/t_cel,15,0,0,0,0,0,0,0,0,0,0,0,0,0,0,0,0
1091,race,15,0,0,0,0,0,0,0,0,0,0,0,0,0,0,0,0
1092,rural_plan_unit,0,0,0,0,0,0,0,0,0,0,0,0,0,0,0,0,0
1093,open_system_approach,0,0,0,0,0,0,0,0,0,0,0,0,0,0,0,0,0
1094,post_flash_flood_studi,6,1,0,0,1,1,1,1,1,1,0,0,0,0,1,1,1
1095,ephemer_stream,6,1,0,0,1,1,1,1,1,1,0,0,0,0,1,1,1
1096,calp,6,1,0,0,1,1,1,1,1,1,0,0,0,0,1,1,1
1097,geotechn_microzon_map,4,0,0,0,0,0,0,0,0,0,0,0,0,0,0,0,0
1098,amplif,4,0,0,0,0,0,0,0,0,0,0,0,0,0,0,0,0
1099,yenisehir_turkey,4,0,0,0,0,0,0,0,0,0,0,0,0,0,0,0,0
1100,runoff,6,0,0,0,0,0,0,0,0,0,0,0,0,0,0,0,0
1101,fujian_china,6,0,0,0,0,0,0,0,0,0,0,0,0,0,0,0,0
1102,flood_risk,24,5,0,0,5,5,5,5,5,0,0,0,0,0,5,5,5
1103,two_dimension_matrix,1,0,0,0,0,0,0,0,0,0,0,0,0,0,0,0,0
1104,gorganroud_watersh,1,0,0,0,0,0,0,0,0,0,0,0,0,0,0,0,0
1105,mental_health,7,0,0,0,0,0,0,0,0,0,0,0,0,0,0,0,0
1106,jeddah,7,0,0,0,0,0,0,0,0,0,0,0,0,0,0,0,0
1107,governor,7,0,0,0,0,0,0,0,0,0,0,0,0,0,0,0,0
1108,determin,21,1,0,0,1,1,1,1,1,1,0,0,0,0,1,1,1
1109,human_environ,21,1,0,0,1,1,1,1,1,1,0,0,0,0,1,1,1
1110,nature_societi_dichotomi,21,1,0,0,1,1,1,1,1,1,0,0,0,0,1,1,1
1111,index_model,4,0,0,0,0,0,0,0,0,0,0,0,0,0,0,0,0
1112,cumul_fire_risk_index,4,0,0,0,0,0,0,0,0,0,0,0,0,0,0,0,0
1113,forest,70,0,0,0,0,0,0,0,0,0,0,0,0,0,0,0,0
1114,digit_earth,2,0,0,0,0,0,0,0,0,0,0,0,0,0,0,0,0
1115,earli_warn_system,2,0,0,0,0,0,0,0,0,0,0,0,0,0,0,0,0
1116,spatial_refer,2,0,0,0,0,0,0,0,0,0,0,0,0,0,0,0,0
1117,geocod,2,0,0,0,0,0,0,0,0,0,0,0,0,0,0,0,0
1118,salb,2,0,0,0,0,0,0,0,0,0,0,0,0,0,0,0,0
1119,hasc,2,0,0,0,0,0,0,0,0,0,0,0,0,0,0,0,0
1120,iso_3166,2,0,0,0,0,0,0,0,0,0,0,0,0,0,0,0,0
1121,satellit_imageri,1,0,0,0,0,0,0,0,0,0,0,0,0,0,0,0,0
1122,flood_map,1,0,0,0,0,0,0,0,0,0,0,0,0,0,0,0,0
1123,flood_detect,1,0,0,0,0,0,0,0,0,0,0,0,0,0,0,0,0
1124,arctic_region,1,0,0,0,0,0,0,0,0,0,0,0,0,0,0,0,0
1125,climat_chang_impact,1,0,0,0,0,0,0,0,0,0,0,0,0,0,0,0,0
1126,river_ice_break_up,1,0,0,0,0,0,0,0,0,0,0,0,0,0,0,0,0
1127,terrestri_radioact,0,0,0,0,0,0,0,0,0,0,0,0,0,0,0,0,0
1128,dose_equival,0,0,0,0,0,0,0,0,0,0,0,0,0,0,0,0,0
1129,environment_radiat,0,0,0,0,0,0,0,0,0,0,0,0,0,0,0,0,0
1130,oil_and_gas_industri,0,0,0,0,0,0,0,0,0,0,0,0,0,0,0,0,0
1131,cryoniv_process,0,0,0,0,0,0,0,0,0,0,0,0,0,0,0,0,0
1132,fagara_mountain,0,0,0,0,0,0,0,0,0,0,0,0,0,0,0,0,0
1133,geliv_process,0,0,0,0,0,0,0,0,0,0,0,0,0,0,0,0,0
1134,nival_process,0,0,0,0,0,0,0,0,0,0,0,0,0,0,0,0,0
1135,romania,0,0,0,0,0,0,0,0,0,0,0,0,0,0,0,0,0
1136,torrenti_process,0,0,0,0,0,0,0,0,0,0,0,0,0,0,0,0,0
1137,probabl_behavior,14,0,0,0,0,0,0,0,0,0,0,0,0,0,0,0,0
1138,copula_function,14,0,0,0,0,0,0,0,0,0,0,0,0,0,0,0,0
1139,spi_bas_drought,14,0,0,0,0,0,0,0,0,0,0,0,0,0,0,0,0
1140,risk_evalu_of_hazard,14,0,0,0,0,0,0,0,0,0,0,0,0,0,0,0,0
1141,guangdong_provinc,14,0,0,0,0,0,0,0,0,0,0,0,0,0,0,0,0
1142,environment_vulner,3,0,0,0,0,0,0,0,0,0,0,0,0,0,0,0,0
1143,natur_calam,3,0,0,0,0,0,0,0,0,0,0,0,0,0,0,0,0
1144,livelihood_well_b,3,0,0,0,0,0,0,0,0,0,0,0,0,0,0,0,0
1145,livelihood_war,3,0,0,0,0,0,0,0,0,0,0,0,0,0,0,0,0
1146,small_scal_fish_communiti,3,0,0,0,0,0,0,0,0,0,0,0,0,0,0,0,0
1147,poverti,4,0,0,0,0,0,0,0,0,0,0,0,0,0,0,0,0
1148,cope,3,0,0,0,0,0,0,0,0,0,0,0,0,0,0,0,0
1149,alborz_mountain,13,0,0,0,0,0,0,0,0,0,0,0,0,0,0,0,0
1150,lineament,13,0,0,0,0,0,0,0,0,0,0,0,0,0,0,0,0
1151,rock_fall,13,0,0,0,0,0,0,0,0,0,0,0,0,0,0,0,0
1152,geospati,15,2,0,0,2,2,2,2,2,0,0,0,0,0,2,2,2
1153,multi_tempor,13,2,0,0,2,2,2,2,2,0,0,0,0,0,2,2,2
1154,sinai,13,2,0,0,2,2,2,2,2,0,0,0,0,0,2,2,2
1155,imag_analys,11,2,0,0,2,2,2,2,2,0,0,0,0,0,2,2,2
1156,data_integr,11,2,0,0,2,2,2,2,2,0,0,0,0,0,2,2,2
1157,risk_zonat,11,2,0,0,2,2,2,2,2,0,0,0,0,0,2,2,2
1158,mitig_measur,11,2,0,0,2,2,2,2,2,0,0,0,0,0,2,2,2
1159,environment_and_natur_vulner,11,0,0,0,0,0,0,0,0,0,0,0,0,0,0,0,0
1160,coastal_zone,11,0,0,0,0,0,0,0,0,0,0,0,0,0,0,0,0
1161,ecodynam,11,0,0,0,0,0,0,0,0,0,0,0,0,0,0,0,0
1162,multi_criteria_analysi,51,2,0,0,2,2,2,2,2,0,0,0,0,0,2,2,2
1163,volcano_erupt,2,0,0,0,0,0,0,0,0,0,0,0,0,0,0,0,0
1164,natur_geohazard,2,0,0,0,0,0,0,0,0,0,0,0,0,0,0,0,0
1165,activ_volcano,2,0,0,0,0,0,0,0,0,0,0,0,0,0,0,0,0
1166,changbai_mountain,2,0,0,0,0,0,0,0,0,0,0,0,0,0,0,0,0
1167,northeast_china,2,0,0,0,0,0,0,0,0,0,0,0,0,0,0,0,0
1168,loglinear_model,4,0,0,0,0,0,0,0,0,0,0,0,0,0,0,0,0
1169,environment_concern,4,0,0,0,0,0,0,0,0,0,0,0,0,0,0,0,0
1170,educ_and_sustain,4,0,0,0,0,0,0,0,0,0,0,0,0,0,0,0,0
1171,giscienc,5,0,0,0,0,0,0,0,0,0,0,0,0,0,0,0,0
1172,southeast_asia,5,0,0,0,0,0,0,0,0,0,0,0,0,0,0,0,0
1173,fuzzi_logic,19,4,0,0,4,4,4,4,4,0,0,0,0,0,4,4,4
1174,ayvalik_turkey,19,4,0,0,4,4,4,4,4,0,0,0,0,0,4,4,4
1175,fuzzi_relat,183,28,0,0,28,28,28,28,28,0,0,0,0,0,28,28,28
1176,fuzzi_membership,93,14,0,0,14,14,14,14,14,0,0,0,0,0,14,14,14
1177,long_run_econom_effect,3,0,0,0,0,0,0,0,0,0,0,0,0,0,0,0,0
1178,time_seri_estim,3,0,0,0,0,0,0,0,0,0,0,0,0,0,0,0,0
1179,panel_data_estim,3,0,0,0,0,0,0,0,0,0,0,0,0,0,0,0,0
1180,fire_detect,27,0,0,0,0,0,0,0,0,0,0,0,0,0,0,0,0
1181,multisensor_data_fusion,27,0,0,0,0,0,0,0,0,0,0,0,0,0,0,0,0
1182,dempster_shaf_theori,27,0,0,0,0,0,0,0,0,0,0,0,0,0,0,0,0
1183,cusum,27,0,0,0,0,0,0,0,0,0,0,0,0,0,0,0,0
1184,evid_combin_rule,27,0,0,0,0,0,0,0,0,0,0,0,0,0,0,0,0
1185,geograph_pattern,2,0,0,0,0,0,0,0,0,0,0,0,0,0,0,0,0
1186,region_vulner,2,0,0,0,0,0,0,0,0,0,0,0,0,0,0,0,0
1187,cross_applic,149,45,31,0,45,45,45,45,14,0,0,0,0,0,45,45,45
1188,small_scal,17,0,0,0,0,0,0,0,0,0,0,0,0,0,0,0,0
1189,rainstorm_waterlog,17,0,0,0,0,0,0,0,0,0,0,0,0,0,0,0,0
1190,extrem_weather_event,12,1,0,0,1,1,1,1,1,0,0,0,0,0,1,1,1
1191,the_philippin,12,1,0,0,1,1,1,1,1,0,0,0,0,0,1,1,1
1192,aquif,5,0,0,0,0,0,0,0,0,0,0,0,0,0,0,0,0
1193,hydrodynam,5,0,0,0,0,0,0,0,0,0,0,0,0,0,0,0,0
1194,hydrochemistri,5,0,0,0,0,0,0,0,0,0,0,0,0,0,0,0,0
1195,wadi_el_natrun,5,0,0,0,0,0,0,0,0,0,0,0,0,0,0,0,0
1196,egypt,5,0,0,0,0,0,0,0,0,0,0,0,0,0,0,0,0
1197,natur_hazard_distribut,11,0,0,0,0,0,0,0,0,0,0,0,0,0,0,0,0
1198,vulner_area,11,0,0,0,0,0,0,0,0,0,0,0,0,0,0,0,0
1199,integr_map,11,0,0,0,0,0,0,0,0,0,0,0,0,0,0,0,0
1200,reinsur,0,0,0,0,0,0,0,0,0,0,0,0,0,0,0,0,0
1201,sweden,0,0,0,0,0,0,0,0,0,0,0,0,0,0,0,0,0
1202,swiss_re,0,0,0,0,0,0,0,0,0,0,0,0,0,0,0,0,0
1203,lobby_group,0,0,0,0,0,0,0,0,0,0,0,0,0,0,0,0,0
1204,natur_slope,4,1,0,0,1,1,1,1,1,0,0,0,0,0,1,1,1
1205,grid_size,4,1,0,0,1,1,1,1,1,0,0,0,0,0,1,1,1
1206,precis_farm,10,0,0,0,0,0,0,0,0,0,0,0,0,0,0,0,0
1207,sebal,10,0,0,0,0,0,0,0,0,0,0,0,0,0,0,0,0
1208,cropwat,10,0,0,0,0,0,0,0,0,0,0,0,0,0,0,0,0
1209,manag_zone,10,0,0,0,0,0,0,0,0,0,0,0,0,0,0,0,0
1210,remot_sens_and_gis,10,0,0,0,0,0,0,0,0,0,0,0,0,0,0,0,0
1211,asia,23,0,0,0,0,0,0,0,0,0,0,0,0,0,0,0,0
1212,civil_war,23,0,0,0,0,0,0,0,0,0,0,0,0,0,0,0,0
1213,disaggreg,23,0,0,0,0,0,0,0,0,0,0,0,0,0,0,0,0
1214,grassland_snow_disast,8,1,0,0,1,1,1,1,1,0,0,0,0,0,1,1,1
1215,grassland_snow_disast_risk_index,8,1,0,0,1,1,1,1,1,0,0,0,0,0,1,1,1
1216,xilingol,8,1,0,0,1,1,1,1,1,0,0,0,0,0,1,1,1
1217,australia,4,0,0,0,0,0,0,0,0,0,0,0,0,0,0,0,0
1218,mixed_method_research,4,0,0,0,0,0,0,0,0,0,0,0,0,0,0,0,0
1219,cultur_geographi,4,0,0,0,0,0,0,0,0,0,0,0,0,0,0,0,0
1220,polici,86,0,1,1,0,1,0,1,0,0,0,0,0,0,0,0,0
1221,appli_research,4,0,0,0,0,0,0,0,0,0,0,0,0,0,0,0,0
1222,wildfir_educ,2,1,0,0,1,1,1,1,1,0,0,0,0,0,1,1,1
1223,student_research_experi,2,1,0,0,1,1,1,1,1,0,0,0,0,0,1,1,1
1224,bridg,11,0,0,0,0,0,0,0,0,0,0,0,0,0,0,0,0
1225,stock_manag,11,0,0,0,0,0,0,0,0,0,0,0,0,0,0,0,0
1226,physic_environ,20,3,0,0,3,3,3,3,3,0,0,0,0,0,3,3,3
1227,geograph_visual_risk,5,2,0,0,2,2,2,2,2,0,0,0,0,0,2,2,2
1228,visual_risk,5,2,0,0,2,2,2,2,2,0,0,0,0,0,2,2,2
1229,cartograph_visual_hazard,5,2,0,0,2,2,2,2,2,0,0,0,0,0,2,2,2
1230,individu_risk_assess,5,2,0,0,2,2,2,2,2,0,0,0,0,0,2,2,2
1231,hazard_risk_percept,5,2,0,0,2,2,2,2,2,0,0,0,0,0,2,2,2
1232,destruct_of_disast,8,0,0,0,0,0,0,0,0,0,0,0,0,0,0,0,0
1233,inform_technolog,20,0,0,1,0,1,0,1,0,0,0,0,0,0,0,0,0
1234,manag_system,8,0,0,0,0,0,0,0,0,0,0,0,0,0,0,0,0
1235,seismic,0,0,0,0,0,0,0,0,0,0,0,0,0,0,0,0,0
1236,tecton,3,0,0,0,0,0,0,0,0,0,0,0,0,0,0,0,0
1237,uttarakhand,0,0,0,0,0,0,0,0,0,0,0,0,0,0,0,0,0
1238,zone_map,0,0,0,0,0,0,0,0,0,0,0,0,0,0,0,0,0
1239,technolog_disast,6,0,0,0,0,0,0,0,0,0,0,0,0,0,0,0,0
1240,ioniz_radiat,3,0,0,0,0,0,0,0,0,0,0,0,0,0,0,0,0
1241,potassium,3,0,0,0,0,0,0,0,0,0,0,0,0,0,0,0,0
1242,thorium,3,0,0,0,0,0,0,0,0,0,0,0,0,0,0,0,0
1243,uranium,3,0,0,0,0,0,0,0,0,0,0,0,0,0,0,0,0
1244,adapt_plan,28,3,3,0,3,3,3,3,0,0,0,0,0,0,3,3,3
1245,collabor_spatial_decis_make,28,3,3,0,3,3,3,3,0,0,0,0,0,0,3,3,3
1246,hurrican_storm_surg,28,3,3,0,3,3,3,3,0,0,0,0,0,0,3,3,3
1247,time_seri,21,0,0,0,0,0,0,0,0,0,0,0,0,0,0,0,0
1248,earthquak_forecast,21,0,0,0,0,0,0,0,0,0,0,0,0,0,0,0,0
1249,xiangxi_catchment,16,0,0,0,0,0,0,0,0,0,0,0,0,0,0,0,0
1250,three_gorg_reservoir,16,0,0,0,0,0,0,0,0,0,0,0,0,0,0,0,0
1251,environment_pattern,1,0,0,0,0,0,0,0,0,0,0,0,0,0,0,0,0
1252,geograph_inform,10,0,1,1,0,1,0,1,0,0,0,0,0,0,0,0,0
1253,inform_flux,1,0,0,0,0,0,0,0,0,0,0,0,0,0,0,0,0
1254,inform_backbon,1,0,0,0,0,0,0,0,0,0,0,0,0,0,0,0,0
1255,inform_manag,1,0,0,0,0,0,0,0,0,0,0,0,0,0,0,0,0
1256,multiscal_approach,1,0,0,0,0,0,0,0,0,0,0,0,0,0,0,0,0
1257,self_affin,1,0,0,0,0,0,0,0,0,0,0,0,0,0,0,0,0
1258,rainfall_runoff_model,6,1,1,0,1,1,1,1,0,0,0,0,0,0,1,1,1
1259,hydraul_geometri,6,1,1,0,1,1,1,1,0,0,0,0,0,0,1,1,1
1260,ephemer_channel,6,1,1,0,1,1,1,1,0,0,0,0,0,0,1,1,1
1261,southeast_spain,6,1,1,0,1,1,1,1,0,0,0,0,0,0,1,1,1
1262,santiago_de_chile,18,0,0,0,0,0,0,0,0,0,0,0,0,0,0,0,0
1263,social_chang,18,0,0,0,0,0,0,0,0,0,0,0,0,0,0,0,0
1264,climat_impact,75,0,0,0,0,0,0,0,0,0,0,0,0,0,0,0,0
1265,respons,88,0,0,0,0,0,0,0,0,0,0,0,0,0,0,0,0
1266,capabl,75,0,0,0,0,0,0,0,0,0,0,0,0,0,0,0,0
1267,inequ,288,0,21,21,21,21,0,21,0,0,0,0,0,0,21,21,0
1268,block_fall,4,0,0,0,0,0,0,0,0,0,0,0,0,0,0,0,0
1269,quantit_map,4,0,0,0,0,0,0,0,0,0,0,0,0,0,0,0,0
1270,decision_tre_model,4,0,0,0,0,0,0,0,0,0,0,0,0,0,0,0,0
1271,benthic_cyanobacteria,14,0,0,0,0,0,0,0,0,0,0,0,0,0,0,0,0
1272,ciguatera,14,0,0,0,0,0,0,0,0,0,0,0,0,0,0,0,0
1273,hydrocoleum,14,0,0,0,0,0,0,0,0,0,0,0,0,0,0,0,0
1274,lyngbya,14,0,0,0,0,0,0,0,0,0,0,0,0,0,0,0,0
1275,oscillatoria_cf_._bonnemaisonii,14,0,0,0,0,0,0,0,0,0,0,0,0,0,0,0,0
1276,marin,14,0,0,0,0,0,0,0,0,0,0,0,0,0,0,0,0
1277,molecular_techniqu,14,0,0,0,0,0,0,0,0,0,0,0,0,0,0,0,0
1278,toxic,14,0,0,0,0,0,0,0,0,0,0,0,0,0,0,0,0
1279,trichodesmium,14,0,0,0,0,0,0,0,0,0,0,0,0,0,0,0,0
1280,dust_simul,21,0,0,0,0,0,0,0,0,0,0,0,0,0,0,0,0
1281,eta,21,0,0,0,0,0,0,0,0,0,0,0,0,0,0,0,0
1282,wrf_nmm,21,0,0,0,0,0,0,0,0,0,0,0,0,0,0,0,0
1283,high_perform_comput,21,0,0,0,0,0,0,0,0,0,0,0,0,0,0,0,0
1284,place_attach,25,0,0,0,0,0,0,0,0,0,0,0,0,0,0,0,0
1285,natur_disast_prepared,25,0,0,0,0,0,0,0,0,0,0,0,0,0,0,0,0
1286,emot_connect_to_place,25,0,0,0,0,0,0,0,0,0,0,0,0,0,0,0,0
1287,"orissa_,_india",25,0,0,0,0,0,0,0,0,0,0,0,0,0,0,0,0
1288,neural_network_model,59,31,31,0,31,31,31,31,0,0,0,0,0,0,31,31,31
1289,landslid_hazard,5,5,5,0,5,5,5,5,0,0,0,0,0,0,5,5,5
1290,qualit_hazard,5,5,5,0,5,5,5,5,0,0,0,0,0,0,5,5,5
1291,statist_hazard,5,5,5,0,5,5,5,5,0,0,0,0,0,0,5,5,5
1292,tunami_n2_model,43,1,1,0,1,1,1,1,0,0,0,0,0,0,1,1,1
1293,mike_21,43,1,1,0,1,1,1,1,0,0,0,0,0,0,1,1,1
1294,gloss/srtm_data,43,1,1,0,1,1,1,1,0,0,0,0,0,0,1,1,1
1295,orissa,43,1,1,0,1,1,1,1,0,0,0,0,0,0,1,1,1
1296,eros_hazard_area,43,1,1,0,1,1,1,1,0,0,0,0,0,0,1,1,1
1297,river,3,0,0,0,0,0,0,0,0,0,0,0,0,0,0,0,0
1298,uvira,3,0,0,0,0,0,0,0,0,0,0,0,0,0,0,0,0
1299,critic_facil,0,0,0,0,0,0,0,0,0,0,0,0,0,0,0,0,0
1300,ecolog,83,2,2,0,2,2,2,2,0,0,0,0,0,0,2,2,2
1301,societi,83,2,2,0,2,2,2,2,0,0,0,0,0,0,2,2,2
1302,social,83,2,2,0,2,2,2,2,0,0,0,0,0,0,2,2,2
1303,ecolog_system,83,2,2,0,2,2,2,2,0,0,0,0,0,0,2,2,2
1304,geograph_perspect,83,2,2,0,2,2,2,2,0,0,0,0,0,0,2,2,2
1305,cluster_map,15,0,0,0,0,0,0,0,0,0,0,0,0,0,0,0,0
1306,heat_rel_ill,15,0,0,0,0,0,0,0,0,0,0,0,0,0,0,0,0
1307,vulner_index,15,0,0,0,0,0,0,0,0,0,0,0,0,0,0,0,0
1308,new_orlean,6,0,0,0,0,0,0,0,0,0,0,0,0,0,0,0,0
1309,geograph_inform_systems_bas_index,30,1,1,0,1,1,1,1,0,0,0,0,0,0,1,1,1
1310,wave_induc_eros,30,1,1,0,1,1,1,1,0,0,0,0,0,0,1,1,1
1311,aid_agenc,5,0,0,0,0,0,0,0,0,0,0,0,0,0,0,0,0
1312,oper_manag,5,0,0,0,0,0,0,0,0,0,0,0,0,0,0,0,0
1313,water_suppli,5,0,0,0,0,0,0,0,0,0,0,0,0,0,0,0,0
1314,supplement_secur_incom_ssi,1,0,0,0,0,0,0,0,0,0,0,0,0,0,0,0,0
1315,katrina,11,0,0,0,0,0,0,0,0,0,0,0,0,0,0,0,0
1316,rita,1,0,0,0,0,0,0,0,0,0,0,0,0,0,0,0,0
1317,administr_data,1,0,0,0,0,0,0,0,0,0,0,0,0,0,0,0,0
1318,welfar,1,0,0,0,0,0,0,0,0,0,0,0,0,0,0,0,0
1319,well_b,1,0,0,0,0,0,0,0,0,0,0,0,0,0,0,0,0
1320,hazard_manag,6,0,0,0,0,0,0,0,0,0,0,0,0,0,0,0,0
1321,geoagent,6,0,0,0,0,0,0,0,0,0,0,0,0,0,0,0,0
1322,knowledg_represent,6,0,0,0,0,0,0,0,0,0,0,0,0,0,0,0,0
1323,decis_support,6,0,0,0,0,0,0,0,0,0,0,0,0,0,0,0,0
1324,water_qualiti,9,0,0,0,0,0,0,0,0,0,0,0,0,0,0,0,0
1325,rbf_and_idw_algorithm,9,0,0,0,0,0,0,0,0,0,0,0,0,0,0,0,0
1326,lake_kastoria,9,0,0,0,0,0,0,0,0,0,0,0,0,0,0,0,0
1327,western_macedonia_greec,9,0,0,0,0,0,0,0,0,0,0,0,0,0,0,0,0
1328,sampl_point,9,0,0,0,0,0,0,0,0,0,0,0,0,0,0,0,0
1329,sustain_manag,9,0,0,0,0,0,0,0,0,0,0,0,0,0,0,0,0
1330,heavi_rainfal,7,0,1,1,1,1,0,1,0,0,0,0,0,0,1,1,1
1331,portofino_park,7,0,1,1,1,1,0,1,0,0,0,0,0,0,1,1,1
1332,socio_natur,19,0,0,0,0,0,0,0,0,0,0,0,0,0,0,0,0
1333,delta,19,0,0,0,0,0,0,0,0,0,0,0,0,0,0,0,0
1334,california,19,0,0,0,0,0,0,0,0,0,0,0,0,0,0,0,0
1335,scale,44,0,1,1,0,1,0,1,0,0,0,0,0,0,0,0,0
1336,water_govern,19,0,0,0,0,0,0,0,0,0,0,0,0,0,0,0,0
1337,probabilist_model,9,0,0,0,0,0,0,0,0,0,0,0,0,0,0,0,0
1338,snowmelt,9,0,0,0,0,0,0,0,0,0,0,0,0,0,0,0,0
1339,land_us,20,0,1,1,1,1,0,1,0,0,0,0,0,0,1,1,1
1340,landslid_map,19,0,1,1,1,1,0,1,0,0,0,0,0,0,1,1,1
1341,webgi,12,0,0,0,0,0,0,0,0,0,0,0,0,0,0,0,0
1342,alov,12,0,0,0,0,0,0,0,0,0,0,0,0,0,0,0,0
1343,earthquak_scenario,12,0,0,0,0,0,0,0,0,0,0,0,0,0,0,0,0
1344,instabl_process,10,0,0,0,0,0,0,0,0,0,0,0,0,0,0,0,0
1345,histor_research,10,0,0,0,0,0,0,0,0,0,0,0,0,0,0,0,0
1346,gis_tool,10,0,0,0,0,0,0,0,0,0,0,0,0,0,0,0,0
1347,transnat_research,37,0,6,6,6,6,0,6,0,0,0,0,0,0,6,6,6
1348,unit_states_mexico_border,37,0,6,6,6,6,0,6,0,0,0,0,0,0,6,6,6
1349,littor,20,0,0,0,0,0,0,0,0,0,0,0,0,0,0,0,0
1350,sustain_tourism,0,0,1,1,1,1,0,1,0,0,0,0,0,0,1,1,1
1351,ecolog_tourism,0,0,1,1,1,1,0,1,0,0,0,0,0,0,1,1,1
1352,conservation_us,0,0,1,1,1,1,0,1,0,0,0,0,0,0,1,1,1
1353,savsat_district,0,0,1,1,1,1,0,1,0,0,0,0,0,0,1,1,1
1354,grassland_fire_disast,10,0,1,1,1,1,0,1,0,0,0,0,0,0,1,1,1
1355,grassland_fire_disast_risk,10,0,1,1,1,1,0,1,0,0,0,0,0,0,1,1,1
1356,western_jilin_provinc,10,0,1,1,1,1,0,1,0,0,0,0,0,0,1,1,1
1357,disast_manag_system,1,0,0,0,0,0,0,0,0,0,0,0,0,0,0,0,0
1358,disast_inform_system,1,0,0,0,0,0,0,0,0,0,0,0,0,0,0,0,0
1359,extrem,216,0,2,2,2,2,0,2,0,0,0,0,0,0,2,2,1
1360,atlas,212,0,1,1,1,1,0,1,0,0,0,0,0,0,1,1,1
1361,region_analysi,212,0,1,1,1,1,0,1,0,0,0,0,0,0,1,1,1
1362,istanbul,14,0,0,0,0,0,0,0,0,0,0,0,0,0,0,0,0
1363,spatial_evalu,14,0,0,0,0,0,0,0,0,0,0,0,0,0,0,0,0
1364,wildland_urban_interfac,13,0,1,1,1,1,0,1,0,0,0,0,0,0,1,1,1
1365,wildfir_potenti_map,13,0,1,1,1,1,0,1,0,0,0,0,0,0,1,1,1
1366,hazard_educ,3,0,3,3,3,3,0,3,0,0,0,0,0,0,3,3,3
1367,hazard_geographi,3,0,3,3,3,3,0,3,0,0,0,0,0,0,3,3,3
1368,teach,3,0,3,3,3,3,0,3,0,0,0,0,0,0,3,3,3
1369,eu_flood_direct,6,0,1,1,1,1,0,1,0,0,0,0,0,0,1,1,1
1370,watersh_model_system_wms,6,0,1,1,1,1,0,1,0,0,0,0,0,0,1,1,1
1371,hec_ra_hydrolog_engin_center_river_analysi_system,6,0,1,1,1,1,0,1,0,0,0,0,0,0,1,1,1
1372,flood_hazard_map,6,0,1,1,1,1,0,1,0,0,0,0,0,0,1,1,1
1373,vulner_of_societi,4,0,0,0,0,0,0,0,0,0,0,0,0,0,0,0,0
1374,behaviour_geographi,4,0,0,0,0,0,0,0,0,0,0,0,0,0,0,0,0
1375,ecolog_disast,12,0,1,1,1,1,0,1,0,0,0,0,0,0,1,1,1
1376,natur_disast_risk,12,0,1,1,1,1,0,1,0,0,0,0,0,0,1,1,1
1377,ecolog_disast_risk_index,12,0,1,1,1,1,0,1,0,0,0,0,0,0,1,1,1
1378,jilin_provinc,12,0,1,1,1,1,0,1,0,0,0,0,0,0,1,1,1
1379,cliff_failur,3,0,0,0,0,0,0,0,0,0,0,0,0,0,0,0,0
1380,clip_stage,14,0,0,0,0,0,0,0,0,0,0,0,0,0,0,0,0
1381,prognost_valu,14,0,0,0,0,0,0,0,0,0,0,0,0,0,0,0,0
1382,surviv,90,0,0,0,0,0,0,0,0,0,0,0,0,0,0,0,0
1383,built_environ,54,0,3,3,3,3,0,3,0,0,0,0,0,0,3,3,0
1384,chemic_process_accid,5,0,0,0,0,0,0,0,0,0,0,0,0,0,0,0,0
1385,mathemat_model,5,0,0,0,0,0,0,0,0,0,0,0,0,0,0,0,0
1386,visual_basic,5,0,0,0,0,0,0,0,0,0,0,0,0,0,0,0,0
1387,morpholog,20,0,0,0,0,0,0,0,0,0,0,0,0,0,0,0,0
1388,estuari,71,0,1,1,1,1,0,1,0,0,0,0,0,0,1,1,0
1389,beach_profil,20,0,0,0,0,0,0,0,0,0,0,0,0,0,0,0,0
1390,land_use\land_cover_chang,26,0,0,0,0,0,0,0,0,0,0,0,0,0,0,0,0
1391,landsat_imageri,26,0,0,0,0,0,0,0,0,0,0,0,0,0,0,0,0
1392,rize,26,0,0,0,0,0,0,0,0,0,0,0,0,0,0,0,0
1393,karakoram,24,0,0,0,0,0,0,0,0,0,0,0,0,0,0,0,0
1394,environment_factor,2,0,0,0,0,0,0,0,0,0,0,0,0,0,0,0,0
1395,satellit_communic,2,0,0,0,0,0,0,0,0,0,0,0,0,0,0,0,0
1396,system_engin,2,0,0,0,0,0,0,0,0,0,0,0,0,0,0,0,0
1397,saltwat_intrus,4,0,0,0,0,0,0,0,0,0,0,0,0,0,0,0,0
1398,coastal_plain,4,0,0,0,0,0,0,0,0,0,0,0,0,0,0,0,0
1399,land_degrad,18,0,0,0,0,0,0,0,0,0,0,0,0,0,0,0,0
1400,shandong_provinc,4,0,0,0,0,0,0,0,0,0,0,0,0,0,0,0,0
1401,sensit_analys,77,0,5,5,5,5,0,5,0,0,0,0,0,0,5,5,0
1402,social_disadvantag,11,0,1,1,1,1,0,1,0,0,0,0,0,0,1,1,0
1403,canada,11,0,1,1,1,1,0,1,0,0,0,0,0,0,1,1,0
1404,relief,21,0,3,3,3,3,0,3,0,0,0,0,0,0,3,3,0
1405,slope,21,0,3,3,3,3,0,3,0,0,0,0,0,0,3,3,0
1406,sand_drift,1,0,0,0,0,0,0,0,0,0,0,0,0,0,0,0,0
1407,soil,8,0,0,0,0,0,0,0,0,0,0,0,0,0,0,0,0
1408,veget,1,0,0,0,0,0,0,0,0,0,0,0,0,0,0,0,0
1409,ground_instabl,16,0,0,0,0,0,0,0,0,0,0,0,0,0,0,0,0
1410,dinsar,16,0,0,0,0,0,0,0,0,0,0,0,0,0,0,0,0
1411,likelihood_frequenc_ratio,121,0,6,6,6,6,0,6,0,0,0,0,0,0,6,6,0
1412,multicriteria_decis_analysi,121,0,6,6,6,6,0,6,0,0,0,0,0,0,6,6,0
1413,findik_turkey,121,0,6,6,6,6,0,6,0,0,0,0,0,0,6,6,0
1414,submers,15,0,0,0,0,0,0,0,0,0,0,0,0,0,0,0,0
1415,integr_coastal_zone_manag,15,0,0,0,0,0,0,0,0,0,0,0,0,0,0,0,0
1416,nord_pas_de_calai,15,0,0,0,0,0,0,0,0,0,0,0,0,0,0,0,0
1417,consequ_assess,5,0,0,0,0,0,0,0,0,0,0,0,0,0,0,0,0
1418,consequ_manag,5,0,0,0,0,0,0,0,0,0,0,0,0,0,0,0,0
1419,unstructur_adapt_grid,5,0,0,0,0,0,0,0,0,0,0,0,0,0,0,0,0
1420,numer_weather_predict,5,0,0,0,0,0,0,0,0,0,0,0,0,0,0,0,0
1421,high_impact_weather_forecast,5,0,0,0,0,0,0,0,0,0,0,0,0,0,0,0,0
1422,natur_phenomena,1,0,0,0,0,0,0,0,0,0,0,0,0,0,0,0,0
1423,precari_build,1,0,0,0,0,0,0,0,0,0,0,0,0,0,0,0,0
1424,basic_habit,1,0,0,0,0,0,0,0,0,0,0,0,0,0,0,0,0
1425,central_america,22,0,0,0,0,0,0,0,0,0,0,0,0,0,0,0,0
1426,the_caribbean,1,0,0,0,0,0,0,0,0,0,0,0,0,0,0,0,0
1427,induct_and_deduct_reason,31,0,2,2,2,2,0,2,0,0,0,0,0,0,2,2,0
1428,settlement_suitabl,4,0,0,0,0,0,0,0,0,0,0,0,0,0,0,0,0
1429,specif_activ,23,0,1,1,1,1,0,1,0,0,0,0,0,0,1,1,0
1430,pumic,23,0,1,1,1,1,0,1,0,0,0,0,0,0,1,1,0
1431,gamma_spectrometri,23,0,1,1,1,1,0,1,0,0,0,0,0,0,1,1,0
1432,radium_equival,23,0,1,1,1,1,0,1,0,0,0,0,0,0,1,1,0
1433,activ_index,23,0,1,1,1,1,0,1,0,0,0,0,0,0,1,1,0
1434,indoor_absorb_dose_rate,23,0,1,1,1,1,0,1,0,0,0,0,0,0,1,1,0
1435,effect_dose_rate,23,0,1,1,1,1,0,1,0,0,0,0,0,0,1,1,0
1436,feder_disast_polici,4,0,5,5,5,5,0,5,0,0,0,0,0,0,5,5,0
1437,presidenti_disast_declar,4,0,5,5,5,5,0,5,0,0,0,0,0,0,5,5,0
1438,air_pollut,13,0,0,0,0,0,0,0,0,0,0,0,0,0,0,0,0
1439,bioindic,13,0,0,0,0,0,0,0,0,0,0,0,0,0,0,0,0
1440,chemometr,13,0,0,0,0,0,0,0,0,0,0,0,0,0,0,0,0
1441,gdansk_citi,13,0,0,0,0,0,0,0,0,0,0,0,0,0,0,0,0
1442,krige_map,13,0,0,0,0,0,0,0,0,0,0,0,0,0,0,0,0
1443,moss,13,0,0,0,0,0,0,0,0,0,0,0,0,0,0,0,0
1444,sphagnum_palustr,13,0,0,0,0,0,0,0,0,0,0,0,0,0,0,0,0
1445,abandon_grassland,8,0,1,1,1,1,0,1,0,0,0,0,0,0,1,1,0
1446,domin,8,0,1,1,1,1,0,1,0,0,0,0,0,0,1,1,0
1447,habitat_satur,8,0,1,1,1,1,0,1,0,0,0,0,0,0,1,1,0
1448,invas_success,8,0,1,1,1,1,0,1,0,0,0,0,0,0,1,1,0
1449,invas_alien_speci,8,0,1,1,1,1,0,1,0,0,0,0,0,0,1,1,0
1450,coastal_engin,4,0,1,1,1,1,0,1,0,0,0,0,0,0,1,1,0
1451,data_analysi,4,0,1,1,1,1,0,1,0,0,0,0,0,0,1,1,0
1452,riverin,4,0,1,1,1,1,0,1,0,0,0,0,0,0,1,1,0
1453,statist,11,0,1,1,1,1,0,1,0,0,0,0,0,0,1,1,0
1454,fire_hazard,9,0,0,0,0,0,0,0,0,0,0,0,0,0,0,0,0
1455,chang_analysi,9,0,0,0,0,0,0,0,0,0,0,0,0,0,0,0,0
1456,hurrican_katrina_damag,9,0,0,0,0,0,0,0,0,0,0,0,0,0,0,0,0
1457,abandon_and_intensif,52,0,0,0,0,0,0,0,0,0,0,0,0,0,0,0,0
1458,endang_speci,52,0,0,0,0,0,0,0,0,0,0,0,0,0,0,0,0
1459,eu_polici,52,0,0,0,0,0,0,0,0,0,0,0,0,0,0,0,0
1460,habitat_manag,52,0,0,0,0,0,0,0,0,0,0,0,0,0,0,0,0
1461,industri_agricultur,52,0,0,0,0,0,0,0,0,0,0,0,0,0,0,0,0
1462,lepidoptera,52,0,0,0,0,0,0,0,0,0,0,0,0,0,0,0,0
1463,natur_forest,52,0,0,0,0,0,0,0,0,0,0,0,0,0,0,0,0
1464,natur_conserv,52,0,0,0,0,0,0,0,0,0,0,0,0,0,0,0,0
1465,semi_natur_habitat,52,0,0,0,0,0,0,0,0,0,0,0,0,0,0,0,0
1466,steppic_grassland,52,0,0,0,0,0,0,0,0,0,0,0,0,0,0,0,0
1467,satellit_remot_sens,100,0,4,4,4,4,0,4,0,0,0,0,0,0,4,0,0
1468,activ_sensor,31,0,1,1,1,1,0,1,0,0,0,0,0,0,1,0,0
1469,passiv_sensor,31,0,1,1,1,1,0,1,0,0,0,0,0,0,1,0,0
1470,function_model,2,0,0,0,0,0,0,0,0,0,0,0,0,0,0,0,0
1471,requir_model,2,0,0,0,0,0,0,0,0,0,0,0,0,0,0,0,0
1472,design,2,0,0,0,0,0,0,0,0,0,0,0,0,0,0,0,0
1473,three_dimension,12,0,0,0,0,0,0,0,0,0,0,0,0,0,0,0,0
1474,time_spac_distribut,12,0,0,0,0,0,0,0,0,0,0,0,0,0,0,0,0
1475,geostatist,24,0,0,0,0,0,0,0,0,0,0,0,0,0,0,0,0
1476,radionuclid,24,0,0,0,0,0,0,0,0,0,0,0,0,0,0,0,0
1477,land_manag,10,0,0,0,0,0,0,0,0,0,0,0,0,0,0,0,0
1478,engin_geolog,10,0,0,0,0,0,0,0,0,0,0,0,0,0,0,0,0
1479,interferometr_synthet_apertur_radar_insar,4,0,0,0,0,0,0,0,0,0,0,0,0,0,0,0,0
1480,observ_system_simul_experi_oss,4,0,0,0,0,0,0,0,0,0,0,0,0,0,0,0,0
1481,seismic_hazard_analysi,4,0,0,0,0,0,0,0,0,0,0,0,0,0,0,0,0
1482,landslid_suscept_ls,37,0,2,2,2,2,0,2,0,0,0,0,0,0,2,0,0
1483,real_tim_precipit_analysi,37,0,2,2,2,2,0,2,0,0,0,0,0,0,2,0,0
1484,periurbanis,2,0,0,0,0,0,0,0,0,0,0,0,0,0,0,0,0
1485,diachron_evolut,2,0,0,0,0,0,0,0,0,0,0,0,0,0,0,0,0
1486,hazard_awar,2,0,0,0,0,0,0,0,0,0,0,0,0,0,0,0,0
1487,community_link_research,10,0,0,0,0,0,0,0,0,0,0,0,0,0,0,0,0
1488,cyberinfrastructur,10,0,0,0,0,0,0,0,0,0,0,0,0,0,0,0,0
1489,grid,10,0,0,0,0,0,0,0,0,0,0,0,0,0,0,0,0
1490,health_dispar,10,0,0,0,0,0,0,0,0,0,0,0,0,0,0,0,0
1491,integr_research,10,0,0,0,0,0,0,0,0,0,0,0,0,0,0,0,0
1492,telesci,10,0,0,0,0,0,0,0,0,0,0,0,0,0,0,0,0
1493,cost_effect_analysi,38,0,0,0,0,0,0,0,0,0,0,0,0,0,0,0,0
1494,cost_benefit_analysi,38,0,0,0,0,0,0,0,0,0,0,0,0,0,0,0,0
1495,risk_analysi,38,0,0,0,0,0,0,0,0,0,0,0,0,0,0,0,0
1496,avalanch,51,0,0,0,0,0,0,0,0,0,0,0,0,0,0,0,0
1497,frequency_area_statist,13,0,0,0,0,0,0,0,0,0,0,0,0,0,0,0,0
1498,chi_chi_earthquak,13,0,0,0,0,0,0,0,0,0,0,0,0,0,0,0,0
1499,self_organ_critic,13,0,0,0,0,0,0,0,0,0,0,0,0,0,0,0,0
1500,fluvial_hazard,1,0,0,0,0,0,0,0,0,0,0,0,0,0,0,0,0
1501,urban_environ,1,0,0,0,0,0,0,0,0,0,0,0,0,0,0,0,0
1502,roman_antiqu,1,0,0,0,0,0,0,0,0,0,0,0,0,0,0,0,0
1503,indoor_air_pollut,69,0,0,0,0,0,0,0,0,0,0,0,0,0,0,0,0
1504,particul,69,0,0,0,0,0,0,0,0,0,0,0,0,0,0,0,0
1505,cost_effect,69,0,0,0,0,0,0,0,0,0,0,0,0,0,0,0,0
1506,evalu,2,0,0,0,0,0,0,0,0,0,0,0,0,0,0,0,0
1507,monitor_and_environment_manag_method,2,0,0,0,0,0,0,0,0,0,0,0,0,0,0,0,0
1508,environment_plan,0,0,0,0,0,0,0,0,0,0,0,0,0,0,0,0,0
1509,unesco_world_heritag,9,0,0,0,0,0,0,0,0,0,0,0,0,0,0,0,0
1510,uncertainti_principl,7,0,0,0,0,0,0,0,0,0,0,0,0,0,0,0,0
1511,climatolog,48,0,0,0,0,0,0,0,0,0,0,0,0,0,0,0,0
1512,fujita_scale,1,0,0,0,0,0,0,0,0,0,0,0,0,0,0,0,0
1513,nation_geographi_standard,1,0,0,0,0,0,0,0,0,0,0,0,0,0,0,0,0
1514,socio_demograph_vulner,4,0,1,1,0,1,0,1,0,0,0,0,0,0,0,0,0
1515,popul_and_environ,4,0,1,1,0,1,0,1,0,0,0,0,0,0,0,0,0
1516,space,4,0,1,1,0,1,0,1,0,0,0,0,0,0,0,0,0
1517,lifelin_behavior,3,0,0,0,0,0,0,0,0,0,0,0,0,0,0,0,0
1518,local_polici,3,0,0,0,0,0,0,0,0,0,0,0,0,0,0,0,0
1519,wind_storm,3,0,0,0,0,0,0,0,0,0,0,0,0,0,0,0,0
1520,hail,58,0,0,0,0,0,0,0,0,0,0,0,0,0,0,0,0
1521,claim,17,0,0,0,0,0,0,0,0,0,0,0,0,0,0,0,0
1522,radar,17,0,0,0,0,0,0,0,0,0,0,0,0,0,0,0,0
1523,cappi,17,0,0,0,0,0,0,0,0,0,0,0,0,0,0,0,0
1524,econom_adjust,32,0,0,0,0,0,0,0,0,0,0,0,0,0,0,0,0
1525,knowledg_domain,142,0,3,3,0,3,0,3,0,0,0,0,0,0,0,0,0
1526,co_authorship_network,142,0,3,3,0,3,0,3,0,0,0,0,0,0,0,0,0
1527,citat,142,0,3,3,0,3,0,3,0,0,0,0,0,0,0,0,0
1528,public,142,0,3,3,0,3,0,3,0,0,0,0,0,0,0,0,0
1529,light_weight_aggreg,20,0,0,0,0,0,0,0,0,0,0,0,0,0,0,0,0
1530,clay,20,0,0,0,0,0,0,0,0,0,0,0,0,0,0,0,0
1531,sludg,20,0,0,0,0,0,0,0,0,0,0,0,0,0,0,0,0
1532,fluorin,20,0,0,0,0,0,0,0,0,0,0,0,0,0,0,0,0
1533,stabil,20,0,0,0,0,0,0,0,0,0,0,0,0,0,0,0,0
1534,flood_manag_strategi,9,0,1,1,0,1,0,1,0,0,0,0,0,0,0,0,0
1535,foot_and_mouth_diseas,13,0,0,0,0,0,0,0,0,0,0,0,0,0,0,0,0
1536,new_public_health,13,0,0,0,0,0,0,0,0,0,0,0,0,0,0,0,0
1537,participatori_methodolog,13,0,0,0,0,0,0,0,0,0,0,0,0,0,0,0,0
1538,citizen_panel,13,0,0,0,0,0,0,0,0,0,0,0,0,0,0,0,0
1539,england_and_wale,13,0,0,0,0,0,0,0,0,0,0,0,0,0,0,0,0
1540,emerg_cost,13,0,0,0,0,0,0,0,0,0,0,0,0,0,0,0,0
1541,econom_assess,13,0,0,0,0,0,0,0,0,0,0,0,0,0,0,0,0
1542,fuzzi_set_theori,13,0,0,0,0,0,0,0,0,0,0,0,0,0,0,0,0
1543,decision_mak,13,0,0,0,0,0,0,0,0,0,0,0,0,0,0,0,0
1544,cyclon_mitig_and_manag,7,0,0,0,0,0,0,0,0,0,0,0,0,0,0,0,0
1545,meghna_estuari,7,0,0,0,0,0,0,0,0,0,0,0,0,0,0,0,0
1546,sandwip_and_hatia_island,7,0,0,0,0,0,0,0,0,0,0,0,0,0,0,0,0
1547,volcano,18,0,0,1,0,1,0,1,0,0,0,0,0,0,0,0,0
1548,ecoton,14,0,0,0,0,0,0,0,0,0,0,0,0,0,0,0,0
1549,econom_crisi,14,0,0,0,0,0,0,0,0,0,0,0,0,0,0,0,0
1550,nonlinear,14,0,0,0,0,0,0,0,0,0,0,0,0,0,0,0,0
1551,java,14,0,0,0,0,0,0,0,0,0,0,0,0,0,0,0,0
1552,ecolog_restor,8,0,0,0,0,0,0,0,0,0,0,0,0,0,0,0,0
1553,fire_manag,8,0,0,0,0,0,0,0,0,0,0,0,0,0,0,0,0
1554,fuel_manag,8,0,0,0,0,0,0,0,0,0,0,0,0,0,0,0,0
1555,lightn,8,0,0,0,0,0,0,0,0,0,0,0,0,0,0,0,0
1556,oak_forest,8,0,0,0,0,0,0,0,0,0,0,0,0,0,0,0,0
1557,surviv_or_failur_analysi,8,0,0,0,0,0,0,0,0,0,0,0,0,0,0,0,0
1558,mass_movement_mm,18,0,2,2,0,2,0,2,0,0,0,0,0,0,0,0,0
1559,mediterranean_region,18,0,2,2,0,2,0,2,0,0,0,0,0,0,0,0,0
1560,bivari_statist_correl,18,0,2,2,0,2,0,2,0,0,0,0,0,0,0,0,0
1561,car_model,3,0,0,0,0,0,0,0,0,0,0,0,0,0,0,0,0
1562,bayesian_hierarch_model,3,0,0,0,0,0,0,0,0,0,0,0,0,0,0,0,0
1563,kernel_smooth,3,0,0,0,0,0,0,0,0,0,0,0,0,0,0,0,0
1564,spatial_misalign_data,3,0,0,0,0,0,0,0,0,0,0,0,0,0,0,0,0
1565,voronoi_tessel,3,0,0,0,0,0,0,0,0,0,0,0,0,0,0,0,0
1566,istanbul_turkey,10,0,4,4,0,4,0,4,0,0,0,0,0,0,0,0,0
1567,type,6,0,0,0,0,0,0,0,0,0,0,0,0,0,0,0,0
1568,morain,6,0,0,0,0,0,0,0,0,0,0,0,0,0,0,0,0
1569,highway,6,0,0,0,0,0,0,0,0,0,0,0,0,0,0,0,0
1570,tibet,6,0,0,0,0,0,0,0,0,0,0,0,0,0,0,0,0
1571,planning_support_system,9,0,1,1,0,1,0,1,0,0,0,0,0,0,0,0,0
1572,cartago,9,0,1,1,0,1,0,1,0,0,0,0,0,0,0,0,0
1573,costa_rica,9,0,1,1,0,1,0,1,0,0,0,0,0,0,0,0,0
1574,arcgi,10,0,0,0,0,0,0,0,0,0,0,0,0,0,0,0,0
1575,lesa,10,0,0,0,0,0,0,0,0,0,0,0,0,0,0,0,0
1576,prime_agricultur_land,10,0,0,0,0,0,0,0,0,0,0,0,0,0,0,0,0
1577,spatial_decis_support_system,10,0,0,0,0,0,0,0,0,0,0,0,0,0,0,0,0
1578,nicaragua,22,0,1,1,0,1,0,1,0,0,0,0,0,0,0,0,0
1579,hurrican_mitch,22,0,1,1,0,1,0,1,0,0,0,0,0,0,0,0,0
1580,glacier_retreat,82,0,1,1,0,1,0,1,0,0,0,0,0,0,0,0,0
1581,glacier_hazard,82,0,1,1,0,1,0,1,0,0,0,0,0,0,0,0,0
1582,local_peopl,82,0,1,1,0,1,0,1,0,0,0,0,0,0,0,0,0
1583,cordillera_blanca,82,0,1,1,0,1,0,1,0,0,0,0,0,0,0,0,0
1584,geo_referenc,28,0,2,2,0,2,0,2,0,0,0,0,0,0,0,0,0
1585,cred,28,0,2,2,0,2,0,2,0,0,0,0,0,0,0,0,0
1586,em_dat,28,0,2,2,0,2,0,2,0,0,0,0,0,0,0,0,0
1587,road,6,0,0,0,0,0,0,0,0,0,0,0,0,0,0,0,0
1588,zonguldak,48,0,4,4,0,4,0,4,0,0,0,0,0,0,0,0,0
1589,anthropolog,4,0,0,0,0,0,0,0,0,0,0,0,0,0,0,0,0
1590,cultur,4,0,0,0,0,0,0,0,0,0,0,0,0,0,0,0,0
1591,sociolog,4,0,0,0,0,0,0,0,0,0,0,0,0,0,0,0,0
1592,protocol,3,0,0,0,0,0,0,0,0,0,0,0,0,0,0,0,0
1593,bioassay,3,0,0,0,0,0,0,0,0,0,0,0,0,0,0,0,0
1594,soil_termiticid,3,0,0,0,0,0,0,0,0,0,0,0,0,0,0,0,0
1595,termit,3,0,0,0,0,0,0,0,0,0,0,0,0,0,0,0,0
1596,landslid_dam,10,0,0,0,0,0,0,0,0,0,0,0,0,0,0,0,0
1597,taiwan,10,0,0,0,0,0,0,0,0,0,0,0,0,0,0,0,0
1598,histor_seismic,13,0,1,1,0,1,0,1,0,0,0,0,0,0,0,0,0
1599,island_of_ischia,13,0,1,1,0,1,0,1,0,0,0,0,0,0,0,0,0
1600,attitud,66,0,0,0,0,0,0,0,0,0,0,0,0,0,0,0,0
1601,knowledg,66,0,0,0,0,0,0,0,0,0,0,0,0,0,0,0,0
1602,rangeland,66,0,0,0,0,0,0,0,0,0,0,0,0,0,0,0,0
1603,social_accept,66,0,0,0,0,0,0,0,0,0,0,0,0,0,0,0,0
1604,wildland_fuel,66,0,0,0,0,0,0,0,0,0,0,0,0,0,0,0,0
1605,cascadia,20,0,3,3,0,3,0,3,0,0,0,0,0,0,0,0,0
1606,pacif_northwest,20,0,3,3,0,3,0,3,0,0,0,0,0,0,0,0,0
1607,port,20,0,3,3,0,3,0,3,0,0,0,0,0,0,0,0,0
1608,earth_fractur,14,0,0,1,0,1,0,1,0,0,0,0,0,0,0,0,0
1609,intrins_vulner_map,10,0,0,0,0,0,0,0,0,0,0,0,0,0,0,0,0
1610,specif_vulner_map,10,0,0,0,0,0,0,0,0,0,0,0,0,0,0,0,0
1611,forest_plan,1,0,0,0,0,0,0,0,0,0,0,0,0,0,0,0,0
1612,venic,17,0,0,0,0,0,0,0,0,0,0,0,0,0,0,0,0
1613,subsid,64,0,0,0,0,0,0,0,0,0,0,0,0,0,0,0,0
1614,global_warm,17,0,0,0,0,0,0,0,0,0,0,0,0,0,0,0,0
1615,nonlinear_simul,4,0,0,1,0,1,0,1,0,0,0,0,0,0,0,0,0
1616,geohazard,4,0,0,1,0,1,0,1,0,0,0,0,0,0,0,0,0
1617,ann,4,0,0,1,0,1,0,1,0,0,0,0,0,0,0,0,0
1618,hazard_geograph_environ,0,0,0,0,0,0,0,0,0,0,0,0,0,0,0,0,0
1619,research_guid,0,0,0,0,0,0,0,0,0,0,0,0,0,0,0,0,0
1620,bibliographi,0,0,0,0,0,0,0,0,0,0,0,0,0,0,0,0,0
1621,webographi,0,0,0,0,0,0,0,0,0,0,0,0,0,0,0,0,0
1622,chronic_renal_failur,81,0,0,0,0,0,0,0,0,0,0,0,0,0,0,0,0
1623,geograph_variat,174,0,0,0,0,0,0,0,0,0,0,0,0,0,0,0,0
1624,iga_nephropathi,81,0,0,0,0,0,0,0,0,0,0,0,0,0,0,0,0
1625,lead_tim_bias,81,0,0,0,0,0,0,0,0,0,0,0,0,0,0,0,0
1626,natur_histori,81,0,0,0,0,0,0,0,0,0,0,0,0,0,0,0,0
1627,progress,81,0,0,0,0,0,0,0,0,0,0,0,0,0,0,0,0
1628,landslid_rainfal,85,0,0,4,0,4,0,4,0,0,0,0,0,0,0,0,0
1629,rainfall_induc_landslid,75,0,0,2,0,2,0,2,0,0,0,0,0,0,0,0,0
1630,lagrangian_finit_element,75,0,0,2,0,2,0,2,0,0,0,0,0,0,0,0,0
1631,voellmi_rheolog,75,0,0,2,0,2,0,2,0,0,0,0,0,0,0,0,0
1632,runout_behaviour,75,0,0,2,0,2,0,2,0,0,0,0,0,0,0,0,0
1633,potenti_hazard,75,0,0,2,0,2,0,2,0,0,0,0,0,0,0,0,0
1634,integr_approach,31,0,0,2,0,2,0,2,0,0,0,0,0,0,0,0,0
1635,mate_system,17,0,0,0,0,0,0,0,0,0,0,0,0,0,0,0,0
1636,nucifragia_columbiana,17,0,0,0,0,0,0,0,0,0,0,0,0,0,0,0,0
1637,pinus_albicauli,17,0,0,0,0,0,0,0,0,0,0,0,0,0,0,0,0
1638,popul_structur,17,0,0,0,0,0,0,0,0,0,0,0,0,0,0,0,0
1639,soil_eros_model,114,0,0,2,0,2,0,2,0,0,0,0,0,0,0,0,0
1640,soil_conserv_polici,114,0,0,2,0,2,0,2,0,0,0,0,0,0,0,0,0
1641,assess,114,0,0,2,0,2,0,2,0,0,0,0,0,0,0,0,0
1642,irnplemcnt,114,0,0,2,0,2,0,2,0,0,0,0,0,0,0,0,0
1643,scale_gis,114,0,0,2,0,2,0,2,0,0,0,0,0,0,0,0,0
1644,integr_environment_assess,26,0,0,0,0,0,0,0,0,0,0,0,0,0,0,0,0
1645,anthropogen_impact_on_coastland,26,0,0,0,0,0,0,0,0,0,0,0,0,0,0,0,0
1646,relat_sea_level_rise,26,0,0,0,0,0,0,0,0,0,0,0,0,0,0,0,0
1647,land_us_chang,21,0,0,0,0,0,0,0,0,0,0,0,0,0,0,0,0
1648,geolog,7,0,0,0,0,0,0,0,0,0,0,0,0,0,0,0,0
1649,logist_multipl_regress_model,9,0,0,18,0,18,0,18,0,0,0,0,0,0,0,0,0
1650,hazard_mitig,9,0,0,18,0,18,0,18,0,0,0,0,0,0,0,0,0
1651,runout,380,0,0,18,0,18,0,18,0,0,0,0,0,0,0,0,0
1652,logist_multipl_regress,380,0,0,18,0,18,0,18,0,0,0,0,0,0,0,0,0
1653,decis_util,52,0,0,2,0,2,0,2,0,0,0,0,0,0,0,0,0
1654,multipl_correspond_analysi,64,0,0,21,0,21,0,21,0,0,0,0,0,0,0,0,0
1655,terrain_analysi,64,0,0,21,0,21,0,21,0,0,0,0,0,0,0,0,0
1656,suitabl_assess,174,0,0,21,0,21,0,21,0,0,0,0,0,0,0,0,0
1657,neotecton_map,2,0,0,0,0,0,0,0,0,0,0,0,0,0,0,0,0
1658,activ_fault,2,0,0,0,0,0,0,0,0,0,0,0,0,0,0,0,0
1659,structur_geolog,2,0,0,0,0,0,0,0,0,0,0,0,0,0,0,0,0
1660,earth_scienc_data_base,2,0,0,0,0,0,0,0,0,0,0,0,0,0,0,0,0
1661,onshor_taiwan,2,0,0,0,0,0,0,0,0,0,0,0,0,0,0,0,0
1662,offshor_taiwan,2,0,0,0,0,0,0,0,0,0,0,0,0,0,0,0,0
1663,european_starl,9,0,0,0,0,0,0,0,0,0,0,0,0,0,0,0,0
1664,wildlif_manag,9,0,0,0,0,0,0,0,0,0,0,0,0,0,0,0,0
1665,natur_catastroph,52,0,0,1,0,1,0,1,0,0,0,0,0,0,0,0,0
1666,digit_cartographi,120,0,0,5,0,5,0,5,0,0,0,0,0,0,0,0,0
1667,hailpad_network,41,0,0,0,0,0,0,0,0,0,0,0,0,0,0,0,0
1668,gis_gridmap,41,0,0,0,0,0,0,0,0,0,0,0,0,0,0,0,0
1669,geomagnet_pulsat,6,0,0,0,0,0,0,0,0,0,0,0,0,0,0,0,0
1670,healthi_human,6,0,0,0,0,0,0,0,0,0,0,0,0,0,0,0,0
1671,heart_rate_variabl,6,0,0,0,0,0,0,0,0,0,0,0,0,0,0,0,0
1672,light_depend,6,0,0,0,0,0,0,0,0,0,0,0,0,0,0,0,0
1673,magnetorecept,6,0,0,0,0,0,0,0,0,0,0,0,0,0,0,0,0
1674,magnetoreceptor,6,0,0,0,0,0,0,0,0,0,0,0,0,0,0,0,0
1675,subarct_area,6,0,0,0,0,0,0,0,0,0,0,0,0,0,0,0,0
1676,geograph_inform_system_gis_landslid,212,0,0,21,0,21,0,21,0,0,0,0,0,0,0,0,0
1677,logist_regress_model,212,0,0,21,0,21,0,21,0,0,0,0,0,0,0,0,0
1678,risk_decision_mak,68,0,0,3,0,3,0,3,0,0,0,0,0,0,0,0,0
1679,multicriteria_evalu,68,0,0,3,0,3,0,3,0,0,0,0,0,0,0,0,0
1680,cis,68,0,0,3,0,3,0,3,0,0,0,0,0,0,0,0,0
1681,prescrib_burn,68,0,0,3,0,3,0,3,0,0,0,0,0,0,0,0,0
1682,pesticid,66,0,0,0,0,0,0,0,0,0,0,0,0,0,0,0,0
1683,surfac_water,66,0,0,0,0,0,0,0,0,0,0,0,0,0,0,0,0
1684,nation_scale,66,0,0,0,0,0,0,0,0,0,0,0,0,0,0,0,0
1685,non_point_sourc,66,0,0,0,0,0,0,0,0,0,0,0,0,0,0,0,0
1686,volcan_risk_assess,68,0,0,4,0,4,0,4,0,0,0,0,0,0,0,0,0
1687,vesuvius,68,0,0,4,0,4,0,4,0,0,0,0,0,0,0,0,0
1688,etna,68,0,0,4,0,4,0,4,0,0,0,0,0,0,0,0,0
1689,yorkshir,62,0,0,0,0,0,0,0,0,0,0,0,0,0,0,0,0
1690,privat,62,0,0,0,0,0,0,0,0,0,0,0,0,0,0,0,0
1691,water_manag,62,0,0,0,0,0,0,0,0,0,0,0,0,0,0,0,0
1692,regul_theori,62,0,0,0,0,0,0,0,0,0,0,0,0,0,0,0,0
1693,discours_analysi,62,0,0,0,0,0,0,0,0,0,0,0,0,0,0,0,0
1694,multipl_patern,81,0,0,0,0,0,0,0,0,0,0,0,0,0,0,0,0
1695,predat_risk,81,0,0,0,0,0,0,0,0,0,0,0,0,0,0,0,0
1696,guppi,81,0,0,0,0,0,0,0,0,0,0,0,0,0,0,0,0
1697,poecilia_reticulata,81,0,0,0,0,0,0,0,0,0,0,0,0,0,0,0,0
1698,gis_technolog,142,0,0,13,0,13,0,13,0,0,0,0,0,0,0,0,0
1699,safeti_manag,9,0,0,1,0,1,0,1,0,0,0,0,0,0,0,0,0
1700,major_hazard_earli_alarm,9,0,0,1,0,1,0,1,0,0,0,0,0,0,0,0,0
1701,predict_system,9,0,0,1,0,1,0,1,0,0,0,0,0,0,0,0,0
1702,automat_monitor,9,0,0,1,0,1,0,1,0,0,0,0,0,0,0,0,0
1703,artifici_intellig_ai,9,0,0,1,0,1,0,1,0,0,0,0,0,0,0,0,0
1704,gis_manag,27,0,0,0,0,0,0,0,0,0,0,0,0,0,0,0,0
1705,seismogen_structur,27,0,0,0,0,0,0,0,0,0,0,0,0,0,0,0,0
1706,fluid_geochemistri,27,0,0,0,0,0,0,0,0,0,0,0,0,0,0,0,0
1707,gargano_promontori_southern_itali,27,0,0,0,0,0,0,0,0,0,0,0,0,0,0,0,0
1708,hiv_diseas_progress,12,0,0,0,0,0,0,0,0,0,0,0,0,0,0,0,0
1709,seroconvert,12,0,0,0,0,0,0,0,0,0,0,0,0,0,0,0,0
1710,drug_user,12,0,0,0,0,0,0,0,0,0,0,0,0,0,0,0,0
1711,europ,12,0,0,0,0,0,0,0,0,0,0,0,0,0,0,0,0
1712,ecohydrolog,18,0,0,0,0,0,0,0,0,0,0,0,0,0,0,0,0
1713,watersh_manag,18,0,0,0,0,0,0,0,0,0,0,0,0,0,0,0,0
1714,landslid_frequenc,91,0,0,3,0,3,0,3,0,0,0,0,0,0,0,0,0
1715,humid_tropic,91,0,0,3,0,3,0,3,0,0,0,0,0,0,0,0,0
1716,puerto_rico,91,0,0,3,0,3,0,3,0,0,0,0,0,0,0,0,0
1717,public_percept,3,0,0,0,0,0,0,0,0,0,0,0,0,0,0,0,0
1718,cost_and_benefit,3,0,0,0,0,0,0,0,0,0,0,0,0,0,0,0,0
1719,harm,3,0,0,0,0,0,0,0,0,0,0,0,0,0,0,0,0
1720,signific,3,0,0,0,0,0,0,0,0,0,0,0,0,0,0,0,0
1721,intern_cooper,4,0,0,0,0,0,0,0,0,0,0,0,0,0,0,0,0
1722,avalanch_map_and_protect,4,0,0,0,0,0,0,0,0,0,0,0,0,0,0,0,0
1723,changjiang_delta,47,0,0,0,0,0,0,0,0,0,0,0,0,0,0,0,0
1724,coastal_geomorpholog,47,0,0,0,0,0,0,0,0,0,0,0,0,0,0,0,0
1725,manag,47,0,0,0,0,0,0,0,0,0,0,0,0,0,0,0,0
1726,sea_level,47,0,0,0,0,0,0,0,0,0,0,0,0,0,0,0,0
1727,yangtz,47,0,0,0,0,0,0,0,0,0,0,0,0,0,0,0,0
1728,internet,20,0,0,0,0,0,0,0,0,0,0,0,0,0,0,0,0
1729,coursework,16,0,0,0,0,0,0,0,0,0,0,0,0,0,0,0,0
1730,homeless,42,0,0,2,0,2,0,2,0,0,0,0,0,0,0,0,0
1731,social_geographi,42,0,0,2,0,2,0,2,0,0,0,0,0,0,0,0,0
1732,tokyo,42,0,0,2,0,2,0,2,0,0,0,0,0,0,0,0,0
1733,field_test,7,0,0,0,0,0,0,0,0,0,0,0,0,0,0,0,0
1734,terrestri_microcosm,7,0,0,0,0,0,0,0,0,0,0,0,0,0,0,0,0
1735,durabl,7,0,0,0,0,0,0,0,0,0,0,0,0,0,0,0,0
1736,pinus_sylvestri,7,0,0,0,0,0,0,0,0,0,0,0,0,0,0,0,0
1737,larix_spp_.,7,0,0,0,0,0,0,0,0,0,0,0,0,0,0,0,0
1738,eucalyptus_camaldulensi,7,0,0,0,0,0,0,0,0,0,0,0,0,0,0,0,0
1739,world_wide_web,4,0,0,0,0,0,0,0,0,0,0,0,0,0,0,0,0
1740,peril,13,0,0,2,0,2,0,2,0,0,0,0,0,0,0,0,0
1741,risk_vulner,13,0,0,2,0,2,0,2,0,0,0,0,0,0,0,0,0
1742,death,13,0,0,2,0,2,0,2,0,0,0,0,0,0,0,0,0
1743,hailstorm,13,0,0,2,0,2,0,2,0,0,0,0,0,0,0,0,0
1744,sydney,13,0,0,2,0,2,0,2,0,0,0,0,0,0,0,0,0
1745,rabaul,13,0,0,2,0,2,0,2,0,0,0,0,0,0,0,0,0
1746,newcastl,13,0,0,2,0,2,0,2,0,0,0,0,0,0,0,0,0
1747,water_cycl,0,0,0,0,0,0,0,0,0,0,0,0,0,0,0,0,0
1748,cryospher,0,0,0,0,0,0,0,0,0,0,0,0,0,0,0,0,0
1749,swiss_alp,0,0,0,0,0,0,0,0,0,0,0,0,0,0,0,0,0
1750,global,19,0,0,0,0,0,0,0,0,0,0,0,0,0,0,0,0
1751,environment_variabl,19,0,0,0,0,0,0,0,0,0,0,0,0,0,0,0,0
1752,appl_orchard,19,0,0,0,0,0,0,0,0,0,0,0,0,0,0,0,0
1753,global_loc_relat,19,0,0,0,0,0,0,0,0,0,0,0,0,0,0,0,0
1754,water_control,7,0,0,0,0,0,0,0,0,0,0,0,0,0,0,0,0
1755,floodplain,7,0,0,0,0,0,0,0,0,0,0,0,0,0,0,0,0
1756,fisheri,7,0,0,0,0,0,0,0,0,0,0,0,0,0,0,0,0
1757,chandpur,7,0,0,0,0,0,0,0,0,0,0,0,0,0,0,0,0
1758,idiopath_membran_glomerulopathi,109,0,0,0,0,0,0,0,0,0,0,0,0,0,0,0,0
1759,metaanalysi,109,0,0,0,0,0,0,0,0,0,0,0,0,0,0,0,0
1760,corticosteroid,109,0,0,0,0,0,0,0,0,0,0,0,0,0,0,0,0
1761,cyclophosphamid,109,0,0,0,0,0,0,0,0,0,0,0,0,0,0,0,0
1762,aid,17,0,0,2,0,2,0,2,0,0,0,0,0,0,0,0,0
1763,age,17,0,0,2,0,2,0,2,0,0,0,0,0,0,0,0,0
1764,hiv_seroconvers,17,0,0,2,0,2,0,2,0,0,0,0,0,0,0,0,0
1765,opportunist_infect,17,0,0,2,0,2,0,2,0,0,0,0,0,0,0,0,0
1766,kaposi_sarcoma,17,0,0,2,0,2,0,2,0,0,0,0,0,0,0,0,0
1767,neoplasm,17,0,0,2,0,2,0,2,0,0,0,0,0,0,0,0,0
1768,diseas_progress,17,0,0,2,0,2,0,2,0,0,0,0,0,0,0,0,0
1769,homosexu_men,17,0,0,2,0,2,0,2,0,0,0,0,0,0,0,0,0
1770,acquir_immunodefici_syndrom,76,0,0,0,0,0,0,0,0,0,0,0,0,0,0,0,0
1771,antigen,76,0,0,0,0,0,0,0,0,0,0,0,0,0,0,0,0
1772,cd4,76,0,0,0,0,0,0,0,0,0,0,0,0,0,0,0,0
1773,hiv_1,76,0,0,0,0,0,0,0,0,0,0,0,0,0,0,0,0
1774,immunosuppress,76,0,0,0,0,0,0,0,0,0,0,0,0,0,0,0,0
1775,pragmat,27,0,0,0,0,0,0,0,0,0,0,0,0,0,0,0,0
1776,"white_,_gilbert",27,0,0,0,0,0,0,0,0,0,0,0,0,0,0,0,0
1777,"dewey_,_john",27,0,0,0,0,0,0,0,0,0,0,0,0,0,0,0,0
1778,west_indi,4,0,0,1,0,1,0,1,0,0,0,0,0,0,0,0,0
1779,earthquak_hazard,19,0,0,1,0,1,0,1,0,0,0,0,0,0,0,0,0
1780,real_tim,12,0,0,1,0,1,0,1,0,0,0,0,0,0,0,0,0
1781,microcomput,12,0,0,1,0,1,0,1,0,0,0,0,0,0,0,0,0
1782,earth_resourc_satellit,12,0,0,1,0,1,0,1,0,0,0,0,0,0,0,0,0
1783,communic_satellit,12,0,0,1,0,1,0,1,0,0,0,0,0,0,0,0,0
